[2026-04-04T07:19:18.742+0000] {processor.py:161} INFO - Started process (PID=160) to work on /opt/airflow/dags/download_rocket_launches.py
[2026-04-04T07:19:18.743+0000] {processor.py:830} INFO - Processing file /opt/airflow/dags/download_rocket_launches.py for tasks to queue
[2026-04-04T07:19:18.744+0000] {logging_mixin.py:188} INFO - [2026-04-04T07:19:18.744+0000] {dagbag.py:538} INFO - Filling up the DagBag from /opt/airflow/dags/download_rocket_launches.py
[2026-04-04T07:19:18.785+0000] {processor.py:840} INFO - DAG(s) 'download_rocket_launch' retrieved from /opt/airflow/dags/download_rocket_launches.py
[2026-04-04T07:19:18.984+0000] {logging_mixin.py:188} INFO - [2026-04-04T07:19:18.984+0000] {override.py:1769} INFO - Created Permission View: can read on DAG:download_rocket_launch
[2026-04-04T07:19:18.993+0000] {logging_mixin.py:188} INFO - [2026-04-04T07:19:18.993+0000] {override.py:1769} INFO - Created Permission View: can edit on DAG:download_rocket_launch
[2026-04-04T07:19:19.000+0000] {logging_mixin.py:188} INFO - [2026-04-04T07:19:19.000+0000] {override.py:1769} INFO - Created Permission View: can delete on DAG:download_rocket_launch
[2026-04-04T07:19:19.002+0000] {logging_mixin.py:188} INFO - [2026-04-04T07:19:19.001+0000] {dag.py:3036} INFO - Sync 1 DAGs
[2026-04-04T07:19:19.021+0000] {logging_mixin.py:188} INFO - [2026-04-04T07:19:19.021+0000] {dag.py:3058} INFO - Creating ORM DAG for download_rocket_launch
[2026-04-04T07:19:19.045+0000] {logging_mixin.py:188} INFO - [2026-04-04T07:19:19.045+0000] {dag.py:3823} INFO - Setting next_dagrun for download_rocket_launch to 2026-04-03 00:00:00+00:00, run_after=2026-04-04 00:00:00+00:00
[2026-04-04T07:19:19.070+0000] {processor.py:183} INFO - Processing /opt/airflow/dags/download_rocket_launches.py took 0.333 seconds
[2026-04-04T07:19:49.530+0000] {processor.py:161} INFO - Started process (PID=170) to work on /opt/airflow/dags/download_rocket_launches.py
[2026-04-04T07:19:49.531+0000] {processor.py:830} INFO - Processing file /opt/airflow/dags/download_rocket_launches.py for tasks to queue
[2026-04-04T07:19:49.532+0000] {logging_mixin.py:188} INFO - [2026-04-04T07:19:49.531+0000] {dagbag.py:538} INFO - Filling up the DagBag from /opt/airflow/dags/download_rocket_launches.py
[2026-04-04T07:19:49.550+0000] {processor.py:840} INFO - DAG(s) 'download_rocket_launch' retrieved from /opt/airflow/dags/download_rocket_launches.py
[2026-04-04T07:19:49.588+0000] {logging_mixin.py:188} INFO - [2026-04-04T07:19:49.588+0000] {dag.py:3036} INFO - Sync 1 DAGs
[2026-04-04T07:19:49.615+0000] {logging_mixin.py:188} INFO - [2026-04-04T07:19:49.615+0000] {dag.py:3823} INFO - Setting next_dagrun for download_rocket_launch to 2026-04-03 00:00:00+00:00, run_after=2026-04-04 00:00:00+00:00
[2026-04-04T07:19:49.634+0000] {processor.py:183} INFO - Processing /opt/airflow/dags/download_rocket_launches.py took 0.106 seconds
[2026-04-04T07:20:19.830+0000] {processor.py:161} INFO - Started process (PID=198) to work on /opt/airflow/dags/download_rocket_launches.py
[2026-04-04T07:20:19.831+0000] {processor.py:830} INFO - Processing file /opt/airflow/dags/download_rocket_launches.py for tasks to queue
[2026-04-04T07:20:19.832+0000] {logging_mixin.py:188} INFO - [2026-04-04T07:20:19.832+0000] {dagbag.py:538} INFO - Filling up the DagBag from /opt/airflow/dags/download_rocket_launches.py
[2026-04-04T07:20:19.852+0000] {processor.py:840} INFO - DAG(s) 'download_rocket_launch' retrieved from /opt/airflow/dags/download_rocket_launches.py
[2026-04-04T07:20:19.874+0000] {logging_mixin.py:188} INFO - [2026-04-04T07:20:19.874+0000] {dag.py:3036} INFO - Sync 1 DAGs
[2026-04-04T07:20:19.892+0000] {logging_mixin.py:188} INFO - [2026-04-04T07:20:19.892+0000] {dag.py:3823} INFO - Setting next_dagrun for download_rocket_launch to 2026-04-03 00:00:00+00:00, run_after=2026-04-04 00:00:00+00:00
[2026-04-04T07:20:19.906+0000] {processor.py:183} INFO - Processing /opt/airflow/dags/download_rocket_launches.py took 0.079 seconds
[2026-04-04T07:20:50.102+0000] {processor.py:161} INFO - Started process (PID=218) to work on /opt/airflow/dags/download_rocket_launches.py
[2026-04-04T07:20:50.103+0000] {processor.py:830} INFO - Processing file /opt/airflow/dags/download_rocket_launches.py for tasks to queue
[2026-04-04T07:20:50.105+0000] {logging_mixin.py:188} INFO - [2026-04-04T07:20:50.105+0000] {dagbag.py:538} INFO - Filling up the DagBag from /opt/airflow/dags/download_rocket_launches.py
[2026-04-04T07:20:50.136+0000] {processor.py:840} INFO - DAG(s) 'download_rocket_launch' retrieved from /opt/airflow/dags/download_rocket_launches.py
[2026-04-04T07:20:50.180+0000] {logging_mixin.py:188} INFO - [2026-04-04T07:20:50.180+0000] {dag.py:3036} INFO - Sync 1 DAGs
[2026-04-04T07:20:50.206+0000] {logging_mixin.py:188} INFO - [2026-04-04T07:20:50.206+0000] {dag.py:3823} INFO - Setting next_dagrun for download_rocket_launch to 2026-04-03 00:00:00+00:00, run_after=2026-04-04 00:00:00+00:00
[2026-04-04T07:20:50.232+0000] {processor.py:183} INFO - Processing /opt/airflow/dags/download_rocket_launches.py took 0.134 seconds
[2026-04-04T07:21:20.459+0000] {processor.py:161} INFO - Started process (PID=228) to work on /opt/airflow/dags/download_rocket_launches.py
[2026-04-04T07:21:20.460+0000] {processor.py:830} INFO - Processing file /opt/airflow/dags/download_rocket_launches.py for tasks to queue
[2026-04-04T07:21:20.461+0000] {logging_mixin.py:188} INFO - [2026-04-04T07:21:20.461+0000] {dagbag.py:538} INFO - Filling up the DagBag from /opt/airflow/dags/download_rocket_launches.py
[2026-04-04T07:21:20.491+0000] {processor.py:840} INFO - DAG(s) 'download_rocket_launch' retrieved from /opt/airflow/dags/download_rocket_launches.py
[2026-04-04T07:21:20.516+0000] {logging_mixin.py:188} INFO - [2026-04-04T07:21:20.515+0000] {dag.py:3036} INFO - Sync 1 DAGs
[2026-04-04T07:21:20.537+0000] {logging_mixin.py:188} INFO - [2026-04-04T07:21:20.537+0000] {dag.py:3823} INFO - Setting next_dagrun for download_rocket_launch to 2026-04-03 00:00:00+00:00, run_after=2026-04-04 00:00:00+00:00
[2026-04-04T07:21:20.575+0000] {processor.py:183} INFO - Processing /opt/airflow/dags/download_rocket_launches.py took 0.120 seconds
[2026-04-04T07:21:50.860+0000] {processor.py:161} INFO - Started process (PID=248) to work on /opt/airflow/dags/download_rocket_launches.py
[2026-04-04T07:21:50.861+0000] {processor.py:830} INFO - Processing file /opt/airflow/dags/download_rocket_launches.py for tasks to queue
[2026-04-04T07:21:50.862+0000] {logging_mixin.py:188} INFO - [2026-04-04T07:21:50.861+0000] {dagbag.py:538} INFO - Filling up the DagBag from /opt/airflow/dags/download_rocket_launches.py
[2026-04-04T07:21:50.906+0000] {processor.py:840} INFO - DAG(s) 'download_rocket_launch' retrieved from /opt/airflow/dags/download_rocket_launches.py
[2026-04-04T07:21:50.929+0000] {logging_mixin.py:188} INFO - [2026-04-04T07:21:50.929+0000] {dag.py:3036} INFO - Sync 1 DAGs
[2026-04-04T07:21:50.945+0000] {logging_mixin.py:188} INFO - [2026-04-04T07:21:50.945+0000] {dag.py:3823} INFO - Setting next_dagrun for download_rocket_launch to 2026-04-03 00:00:00+00:00, run_after=2026-04-04 00:00:00+00:00
[2026-04-04T07:21:50.962+0000] {processor.py:183} INFO - Processing /opt/airflow/dags/download_rocket_launches.py took 0.104 seconds
[2026-04-04T07:22:21.166+0000] {processor.py:161} INFO - Started process (PID=258) to work on /opt/airflow/dags/download_rocket_launches.py
[2026-04-04T07:22:21.166+0000] {processor.py:830} INFO - Processing file /opt/airflow/dags/download_rocket_launches.py for tasks to queue
[2026-04-04T07:22:21.167+0000] {logging_mixin.py:188} INFO - [2026-04-04T07:22:21.167+0000] {dagbag.py:538} INFO - Filling up the DagBag from /opt/airflow/dags/download_rocket_launches.py
[2026-04-04T07:22:21.184+0000] {processor.py:840} INFO - DAG(s) 'download_rocket_launch' retrieved from /opt/airflow/dags/download_rocket_launches.py
[2026-04-04T07:22:21.207+0000] {logging_mixin.py:188} INFO - [2026-04-04T07:22:21.207+0000] {dag.py:3036} INFO - Sync 1 DAGs
[2026-04-04T07:22:21.223+0000] {logging_mixin.py:188} INFO - [2026-04-04T07:22:21.223+0000] {dag.py:3823} INFO - Setting next_dagrun for download_rocket_launch to 2026-04-03 00:00:00+00:00, run_after=2026-04-04 00:00:00+00:00
[2026-04-04T07:22:21.237+0000] {processor.py:183} INFO - Processing /opt/airflow/dags/download_rocket_launches.py took 0.074 seconds
[2026-04-04T07:22:51.563+0000] {processor.py:161} INFO - Started process (PID=268) to work on /opt/airflow/dags/download_rocket_launches.py
[2026-04-04T07:22:51.564+0000] {processor.py:830} INFO - Processing file /opt/airflow/dags/download_rocket_launches.py for tasks to queue
[2026-04-04T07:22:51.564+0000] {logging_mixin.py:188} INFO - [2026-04-04T07:22:51.564+0000] {dagbag.py:538} INFO - Filling up the DagBag from /opt/airflow/dags/download_rocket_launches.py
[2026-04-04T07:22:51.601+0000] {processor.py:840} INFO - DAG(s) 'download_rocket_launch' retrieved from /opt/airflow/dags/download_rocket_launches.py
[2026-04-04T07:22:51.631+0000] {logging_mixin.py:188} INFO - [2026-04-04T07:22:51.631+0000] {dag.py:3036} INFO - Sync 1 DAGs
[2026-04-04T07:22:51.651+0000] {logging_mixin.py:188} INFO - [2026-04-04T07:22:51.651+0000] {dag.py:3823} INFO - Setting next_dagrun for download_rocket_launch to 2026-04-03 00:00:00+00:00, run_after=2026-04-04 00:00:00+00:00
[2026-04-04T07:22:51.671+0000] {processor.py:183} INFO - Processing /opt/airflow/dags/download_rocket_launches.py took 0.111 seconds
[2026-04-04T07:23:22.057+0000] {processor.py:161} INFO - Started process (PID=278) to work on /opt/airflow/dags/download_rocket_launches.py
[2026-04-04T07:23:22.057+0000] {processor.py:830} INFO - Processing file /opt/airflow/dags/download_rocket_launches.py for tasks to queue
[2026-04-04T07:23:22.058+0000] {logging_mixin.py:188} INFO - [2026-04-04T07:23:22.058+0000] {dagbag.py:538} INFO - Filling up the DagBag from /opt/airflow/dags/download_rocket_launches.py
[2026-04-04T07:23:22.087+0000] {processor.py:840} INFO - DAG(s) 'download_rocket_launch' retrieved from /opt/airflow/dags/download_rocket_launches.py
[2026-04-04T07:23:22.115+0000] {logging_mixin.py:188} INFO - [2026-04-04T07:23:22.114+0000] {dag.py:3036} INFO - Sync 1 DAGs
[2026-04-04T07:23:22.133+0000] {logging_mixin.py:188} INFO - [2026-04-04T07:23:22.132+0000] {dag.py:3823} INFO - Setting next_dagrun for download_rocket_launch to 2026-04-03 00:00:00+00:00, run_after=2026-04-04 00:00:00+00:00
[2026-04-04T07:23:22.148+0000] {processor.py:183} INFO - Processing /opt/airflow/dags/download_rocket_launches.py took 0.094 seconds
[2026-04-04T07:23:52.575+0000] {processor.py:161} INFO - Started process (PID=288) to work on /opt/airflow/dags/download_rocket_launches.py
[2026-04-04T07:23:52.577+0000] {processor.py:830} INFO - Processing file /opt/airflow/dags/download_rocket_launches.py for tasks to queue
[2026-04-04T07:23:52.580+0000] {logging_mixin.py:188} INFO - [2026-04-04T07:23:52.579+0000] {dagbag.py:538} INFO - Filling up the DagBag from /opt/airflow/dags/download_rocket_launches.py
[2026-04-04T07:23:52.611+0000] {processor.py:840} INFO - DAG(s) 'download_rocket_launch' retrieved from /opt/airflow/dags/download_rocket_launches.py
[2026-04-04T07:23:52.651+0000] {logging_mixin.py:188} INFO - [2026-04-04T07:23:52.651+0000] {dag.py:3036} INFO - Sync 1 DAGs
[2026-04-04T07:23:52.672+0000] {logging_mixin.py:188} INFO - [2026-04-04T07:23:52.672+0000] {dag.py:3823} INFO - Setting next_dagrun for download_rocket_launch to 2026-04-03 00:00:00+00:00, run_after=2026-04-04 00:00:00+00:00
[2026-04-04T07:23:52.685+0000] {processor.py:183} INFO - Processing /opt/airflow/dags/download_rocket_launches.py took 0.114 seconds
[2026-04-04T07:24:22.883+0000] {processor.py:161} INFO - Started process (PID=298) to work on /opt/airflow/dags/download_rocket_launches.py
[2026-04-04T07:24:22.885+0000] {processor.py:830} INFO - Processing file /opt/airflow/dags/download_rocket_launches.py for tasks to queue
[2026-04-04T07:24:22.887+0000] {logging_mixin.py:188} INFO - [2026-04-04T07:24:22.886+0000] {dagbag.py:538} INFO - Filling up the DagBag from /opt/airflow/dags/download_rocket_launches.py
[2026-04-04T07:24:22.934+0000] {processor.py:840} INFO - DAG(s) 'download_rocket_launch' retrieved from /opt/airflow/dags/download_rocket_launches.py
[2026-04-04T07:24:22.982+0000] {logging_mixin.py:188} INFO - [2026-04-04T07:24:22.982+0000] {dag.py:3036} INFO - Sync 1 DAGs
[2026-04-04T07:24:23.024+0000] {logging_mixin.py:188} INFO - [2026-04-04T07:24:23.024+0000] {dag.py:3823} INFO - Setting next_dagrun for download_rocket_launch to 2026-04-03 00:00:00+00:00, run_after=2026-04-04 00:00:00+00:00
[2026-04-04T07:24:23.051+0000] {processor.py:183} INFO - Processing /opt/airflow/dags/download_rocket_launches.py took 0.176 seconds
[2026-04-04T07:24:53.315+0000] {processor.py:161} INFO - Started process (PID=308) to work on /opt/airflow/dags/download_rocket_launches.py
[2026-04-04T07:24:53.318+0000] {processor.py:830} INFO - Processing file /opt/airflow/dags/download_rocket_launches.py for tasks to queue
[2026-04-04T07:24:53.319+0000] {logging_mixin.py:188} INFO - [2026-04-04T07:24:53.318+0000] {dagbag.py:538} INFO - Filling up the DagBag from /opt/airflow/dags/download_rocket_launches.py
[2026-04-04T07:24:53.335+0000] {processor.py:840} INFO - DAG(s) 'download_rocket_launch' retrieved from /opt/airflow/dags/download_rocket_launches.py
[2026-04-04T07:24:53.365+0000] {logging_mixin.py:188} INFO - [2026-04-04T07:24:53.365+0000] {dag.py:3036} INFO - Sync 1 DAGs
[2026-04-04T07:24:53.384+0000] {logging_mixin.py:188} INFO - [2026-04-04T07:24:53.384+0000] {dag.py:3823} INFO - Setting next_dagrun for download_rocket_launch to 2026-04-03 00:00:00+00:00, run_after=2026-04-04 00:00:00+00:00
[2026-04-04T07:24:53.401+0000] {processor.py:183} INFO - Processing /opt/airflow/dags/download_rocket_launches.py took 0.089 seconds
[2026-04-04T07:25:23.781+0000] {processor.py:161} INFO - Started process (PID=318) to work on /opt/airflow/dags/download_rocket_launches.py
[2026-04-04T07:25:23.782+0000] {processor.py:830} INFO - Processing file /opt/airflow/dags/download_rocket_launches.py for tasks to queue
[2026-04-04T07:25:23.784+0000] {logging_mixin.py:188} INFO - [2026-04-04T07:25:23.784+0000] {dagbag.py:538} INFO - Filling up the DagBag from /opt/airflow/dags/download_rocket_launches.py
[2026-04-04T07:25:23.839+0000] {processor.py:840} INFO - DAG(s) 'download_rocket_launch' retrieved from /opt/airflow/dags/download_rocket_launches.py
[2026-04-04T07:25:23.862+0000] {logging_mixin.py:188} INFO - [2026-04-04T07:25:23.862+0000] {dag.py:3036} INFO - Sync 1 DAGs
[2026-04-04T07:25:23.879+0000] {logging_mixin.py:188} INFO - [2026-04-04T07:25:23.878+0000] {dag.py:3823} INFO - Setting next_dagrun for download_rocket_launch to 2026-04-03 00:00:00+00:00, run_after=2026-04-04 00:00:00+00:00
[2026-04-04T07:25:23.894+0000] {processor.py:183} INFO - Processing /opt/airflow/dags/download_rocket_launches.py took 0.115 seconds
[2026-04-04T07:25:54.068+0000] {processor.py:161} INFO - Started process (PID=328) to work on /opt/airflow/dags/download_rocket_launches.py
[2026-04-04T07:25:54.068+0000] {processor.py:830} INFO - Processing file /opt/airflow/dags/download_rocket_launches.py for tasks to queue
[2026-04-04T07:25:54.069+0000] {logging_mixin.py:188} INFO - [2026-04-04T07:25:54.069+0000] {dagbag.py:538} INFO - Filling up the DagBag from /opt/airflow/dags/download_rocket_launches.py
[2026-04-04T07:25:54.091+0000] {processor.py:840} INFO - DAG(s) 'download_rocket_launch' retrieved from /opt/airflow/dags/download_rocket_launches.py
[2026-04-04T07:25:54.117+0000] {logging_mixin.py:188} INFO - [2026-04-04T07:25:54.117+0000] {dag.py:3036} INFO - Sync 1 DAGs
[2026-04-04T07:25:54.134+0000] {logging_mixin.py:188} INFO - [2026-04-04T07:25:54.133+0000] {dag.py:3823} INFO - Setting next_dagrun for download_rocket_launch to 2026-04-03 00:00:00+00:00, run_after=2026-04-04 00:00:00+00:00
[2026-04-04T07:25:54.148+0000] {processor.py:183} INFO - Processing /opt/airflow/dags/download_rocket_launches.py took 0.083 seconds
[2026-04-04T07:26:24.515+0000] {processor.py:161} INFO - Started process (PID=338) to work on /opt/airflow/dags/download_rocket_launches.py
[2026-04-04T07:26:24.516+0000] {processor.py:830} INFO - Processing file /opt/airflow/dags/download_rocket_launches.py for tasks to queue
[2026-04-04T07:26:24.516+0000] {logging_mixin.py:188} INFO - [2026-04-04T07:26:24.516+0000] {dagbag.py:538} INFO - Filling up the DagBag from /opt/airflow/dags/download_rocket_launches.py
[2026-04-04T07:26:24.536+0000] {processor.py:840} INFO - DAG(s) 'download_rocket_launch' retrieved from /opt/airflow/dags/download_rocket_launches.py
[2026-04-04T07:26:24.560+0000] {logging_mixin.py:188} INFO - [2026-04-04T07:26:24.560+0000] {dag.py:3036} INFO - Sync 1 DAGs
[2026-04-04T07:26:24.577+0000] {logging_mixin.py:188} INFO - [2026-04-04T07:26:24.577+0000] {dag.py:3823} INFO - Setting next_dagrun for download_rocket_launch to 2026-04-03 00:00:00+00:00, run_after=2026-04-04 00:00:00+00:00
[2026-04-04T07:26:24.591+0000] {processor.py:183} INFO - Processing /opt/airflow/dags/download_rocket_launches.py took 0.079 seconds
[2026-04-04T07:26:54.862+0000] {processor.py:161} INFO - Started process (PID=348) to work on /opt/airflow/dags/download_rocket_launches.py
[2026-04-04T07:26:54.864+0000] {processor.py:830} INFO - Processing file /opt/airflow/dags/download_rocket_launches.py for tasks to queue
[2026-04-04T07:26:54.865+0000] {logging_mixin.py:188} INFO - [2026-04-04T07:26:54.865+0000] {dagbag.py:538} INFO - Filling up the DagBag from /opt/airflow/dags/download_rocket_launches.py
[2026-04-04T07:26:54.914+0000] {processor.py:840} INFO - DAG(s) 'download_rocket_launch' retrieved from /opt/airflow/dags/download_rocket_launches.py
[2026-04-04T07:26:54.938+0000] {logging_mixin.py:188} INFO - [2026-04-04T07:26:54.938+0000] {dag.py:3036} INFO - Sync 1 DAGs
[2026-04-04T07:26:54.955+0000] {logging_mixin.py:188} INFO - [2026-04-04T07:26:54.955+0000] {dag.py:3823} INFO - Setting next_dagrun for download_rocket_launch to 2026-04-03 00:00:00+00:00, run_after=2026-04-04 00:00:00+00:00
[2026-04-04T07:26:54.970+0000] {processor.py:183} INFO - Processing /opt/airflow/dags/download_rocket_launches.py took 0.111 seconds
[2026-04-04T07:27:25.230+0000] {processor.py:161} INFO - Started process (PID=358) to work on /opt/airflow/dags/download_rocket_launches.py
[2026-04-04T07:27:25.231+0000] {processor.py:830} INFO - Processing file /opt/airflow/dags/download_rocket_launches.py for tasks to queue
[2026-04-04T07:27:25.234+0000] {logging_mixin.py:188} INFO - [2026-04-04T07:27:25.233+0000] {dagbag.py:538} INFO - Filling up the DagBag from /opt/airflow/dags/download_rocket_launches.py
[2026-04-04T07:27:25.276+0000] {processor.py:840} INFO - DAG(s) 'download_rocket_launch' retrieved from /opt/airflow/dags/download_rocket_launches.py
[2026-04-04T07:27:25.300+0000] {logging_mixin.py:188} INFO - [2026-04-04T07:27:25.300+0000] {dag.py:3036} INFO - Sync 1 DAGs
[2026-04-04T07:27:25.318+0000] {logging_mixin.py:188} INFO - [2026-04-04T07:27:25.317+0000] {dag.py:3823} INFO - Setting next_dagrun for download_rocket_launch to 2026-04-03 00:00:00+00:00, run_after=2026-04-04 00:00:00+00:00
[2026-04-04T07:27:25.331+0000] {processor.py:183} INFO - Processing /opt/airflow/dags/download_rocket_launches.py took 0.104 seconds
[2026-04-04T07:27:55.494+0000] {processor.py:161} INFO - Started process (PID=378) to work on /opt/airflow/dags/download_rocket_launches.py
[2026-04-04T07:27:55.494+0000] {processor.py:830} INFO - Processing file /opt/airflow/dags/download_rocket_launches.py for tasks to queue
[2026-04-04T07:27:55.496+0000] {logging_mixin.py:188} INFO - [2026-04-04T07:27:55.495+0000] {dagbag.py:538} INFO - Filling up the DagBag from /opt/airflow/dags/download_rocket_launches.py
[2026-04-04T07:27:55.529+0000] {processor.py:840} INFO - DAG(s) 'download_rocket_launch' retrieved from /opt/airflow/dags/download_rocket_launches.py
[2026-04-04T07:27:55.556+0000] {logging_mixin.py:188} INFO - [2026-04-04T07:27:55.556+0000] {dag.py:3036} INFO - Sync 1 DAGs
[2026-04-04T07:27:55.574+0000] {logging_mixin.py:188} INFO - [2026-04-04T07:27:55.574+0000] {dag.py:3823} INFO - Setting next_dagrun for download_rocket_launch to 2026-04-03 00:00:00+00:00, run_after=2026-04-04 00:00:00+00:00
[2026-04-04T07:27:55.590+0000] {processor.py:183} INFO - Processing /opt/airflow/dags/download_rocket_launches.py took 0.100 seconds
[2026-04-04T07:28:25.814+0000] {processor.py:161} INFO - Started process (PID=396) to work on /opt/airflow/dags/download_rocket_launches.py
[2026-04-04T07:28:25.815+0000] {processor.py:830} INFO - Processing file /opt/airflow/dags/download_rocket_launches.py for tasks to queue
[2026-04-04T07:28:25.816+0000] {logging_mixin.py:188} INFO - [2026-04-04T07:28:25.816+0000] {dagbag.py:538} INFO - Filling up the DagBag from /opt/airflow/dags/download_rocket_launches.py
[2026-04-04T07:28:25.840+0000] {processor.py:840} INFO - DAG(s) 'download_rocket_launch' retrieved from /opt/airflow/dags/download_rocket_launches.py
[2026-04-04T07:28:25.864+0000] {logging_mixin.py:188} INFO - [2026-04-04T07:28:25.863+0000] {dag.py:3036} INFO - Sync 1 DAGs
[2026-04-04T07:28:25.883+0000] {logging_mixin.py:188} INFO - [2026-04-04T07:28:25.882+0000] {dag.py:3823} INFO - Setting next_dagrun for download_rocket_launch to 2026-04-03 00:00:00+00:00, run_after=2026-04-04 00:00:00+00:00
[2026-04-04T07:28:25.899+0000] {processor.py:183} INFO - Processing /opt/airflow/dags/download_rocket_launches.py took 0.086 seconds
[2026-04-04T07:28:56.233+0000] {processor.py:161} INFO - Started process (PID=406) to work on /opt/airflow/dags/download_rocket_launches.py
[2026-04-04T07:28:56.234+0000] {processor.py:830} INFO - Processing file /opt/airflow/dags/download_rocket_launches.py for tasks to queue
[2026-04-04T07:28:56.235+0000] {logging_mixin.py:188} INFO - [2026-04-04T07:28:56.234+0000] {dagbag.py:538} INFO - Filling up the DagBag from /opt/airflow/dags/download_rocket_launches.py
[2026-04-04T07:28:56.251+0000] {processor.py:840} INFO - DAG(s) 'download_rocket_launch' retrieved from /opt/airflow/dags/download_rocket_launches.py
[2026-04-04T07:28:56.276+0000] {logging_mixin.py:188} INFO - [2026-04-04T07:28:56.276+0000] {dag.py:3036} INFO - Sync 1 DAGs
[2026-04-04T07:28:56.297+0000] {logging_mixin.py:188} INFO - [2026-04-04T07:28:56.297+0000] {dag.py:3823} INFO - Setting next_dagrun for download_rocket_launch to 2026-04-03 00:00:00+00:00, run_after=2026-04-04 00:00:00+00:00
[2026-04-04T07:28:56.315+0000] {processor.py:183} INFO - Processing /opt/airflow/dags/download_rocket_launches.py took 0.084 seconds
[2026-04-04T07:29:26.592+0000] {processor.py:161} INFO - Started process (PID=416) to work on /opt/airflow/dags/download_rocket_launches.py
[2026-04-04T07:29:26.592+0000] {processor.py:830} INFO - Processing file /opt/airflow/dags/download_rocket_launches.py for tasks to queue
[2026-04-04T07:29:26.593+0000] {logging_mixin.py:188} INFO - [2026-04-04T07:29:26.593+0000] {dagbag.py:538} INFO - Filling up the DagBag from /opt/airflow/dags/download_rocket_launches.py
[2026-04-04T07:29:26.611+0000] {processor.py:840} INFO - DAG(s) 'download_rocket_launch' retrieved from /opt/airflow/dags/download_rocket_launches.py
[2026-04-04T07:29:26.639+0000] {logging_mixin.py:188} INFO - [2026-04-04T07:29:26.638+0000] {dag.py:3036} INFO - Sync 1 DAGs
[2026-04-04T07:29:26.659+0000] {logging_mixin.py:188} INFO - [2026-04-04T07:29:26.658+0000] {dag.py:3823} INFO - Setting next_dagrun for download_rocket_launch to 2026-04-03 00:00:00+00:00, run_after=2026-04-04 00:00:00+00:00
[2026-04-04T07:29:26.673+0000] {processor.py:183} INFO - Processing /opt/airflow/dags/download_rocket_launches.py took 0.083 seconds
[2026-04-04T07:29:56.834+0000] {processor.py:161} INFO - Started process (PID=426) to work on /opt/airflow/dags/download_rocket_launches.py
[2026-04-04T07:29:56.835+0000] {processor.py:830} INFO - Processing file /opt/airflow/dags/download_rocket_launches.py for tasks to queue
[2026-04-04T07:29:56.837+0000] {logging_mixin.py:188} INFO - [2026-04-04T07:29:56.837+0000] {dagbag.py:538} INFO - Filling up the DagBag from /opt/airflow/dags/download_rocket_launches.py
[2026-04-04T07:29:56.876+0000] {processor.py:840} INFO - DAG(s) 'download_rocket_launch' retrieved from /opt/airflow/dags/download_rocket_launches.py
[2026-04-04T07:29:56.913+0000] {logging_mixin.py:188} INFO - [2026-04-04T07:29:56.913+0000] {dag.py:3036} INFO - Sync 1 DAGs
[2026-04-04T07:29:56.935+0000] {logging_mixin.py:188} INFO - [2026-04-04T07:29:56.935+0000] {dag.py:3823} INFO - Setting next_dagrun for download_rocket_launch to 2026-04-03 00:00:00+00:00, run_after=2026-04-04 00:00:00+00:00
[2026-04-04T07:29:56.956+0000] {processor.py:183} INFO - Processing /opt/airflow/dags/download_rocket_launches.py took 0.125 seconds
[2026-04-04T07:30:27.259+0000] {processor.py:161} INFO - Started process (PID=436) to work on /opt/airflow/dags/download_rocket_launches.py
[2026-04-04T07:30:27.260+0000] {processor.py:830} INFO - Processing file /opt/airflow/dags/download_rocket_launches.py for tasks to queue
[2026-04-04T07:30:27.261+0000] {logging_mixin.py:188} INFO - [2026-04-04T07:30:27.261+0000] {dagbag.py:538} INFO - Filling up the DagBag from /opt/airflow/dags/download_rocket_launches.py
[2026-04-04T07:30:27.281+0000] {processor.py:840} INFO - DAG(s) 'download_rocket_launch' retrieved from /opt/airflow/dags/download_rocket_launches.py
[2026-04-04T07:30:27.306+0000] {logging_mixin.py:188} INFO - [2026-04-04T07:30:27.306+0000] {dag.py:3036} INFO - Sync 1 DAGs
[2026-04-04T07:30:27.327+0000] {logging_mixin.py:188} INFO - [2026-04-04T07:30:27.326+0000] {dag.py:3823} INFO - Setting next_dagrun for download_rocket_launch to 2026-04-03 00:00:00+00:00, run_after=2026-04-04 00:00:00+00:00
[2026-04-04T07:30:27.342+0000] {processor.py:183} INFO - Processing /opt/airflow/dags/download_rocket_launches.py took 0.088 seconds
[2026-04-04T07:30:57.562+0000] {processor.py:161} INFO - Started process (PID=446) to work on /opt/airflow/dags/download_rocket_launches.py
[2026-04-04T07:30:57.563+0000] {processor.py:830} INFO - Processing file /opt/airflow/dags/download_rocket_launches.py for tasks to queue
[2026-04-04T07:30:57.564+0000] {logging_mixin.py:188} INFO - [2026-04-04T07:30:57.563+0000] {dagbag.py:538} INFO - Filling up the DagBag from /opt/airflow/dags/download_rocket_launches.py
[2026-04-04T07:30:57.583+0000] {processor.py:840} INFO - DAG(s) 'download_rocket_launch' retrieved from /opt/airflow/dags/download_rocket_launches.py
[2026-04-04T07:30:57.609+0000] {logging_mixin.py:188} INFO - [2026-04-04T07:30:57.609+0000] {dag.py:3036} INFO - Sync 1 DAGs
[2026-04-04T07:30:57.628+0000] {logging_mixin.py:188} INFO - [2026-04-04T07:30:57.628+0000] {dag.py:3823} INFO - Setting next_dagrun for download_rocket_launch to 2026-04-03 00:00:00+00:00, run_after=2026-04-04 00:00:00+00:00
[2026-04-04T07:30:57.645+0000] {processor.py:183} INFO - Processing /opt/airflow/dags/download_rocket_launches.py took 0.086 seconds
[2026-04-04T07:31:27.999+0000] {processor.py:161} INFO - Started process (PID=456) to work on /opt/airflow/dags/download_rocket_launches.py
[2026-04-04T07:31:28.001+0000] {processor.py:830} INFO - Processing file /opt/airflow/dags/download_rocket_launches.py for tasks to queue
[2026-04-04T07:31:28.002+0000] {logging_mixin.py:188} INFO - [2026-04-04T07:31:28.002+0000] {dagbag.py:538} INFO - Filling up the DagBag from /opt/airflow/dags/download_rocket_launches.py
[2026-04-04T07:31:28.074+0000] {processor.py:840} INFO - DAG(s) 'download_rocket_launch' retrieved from /opt/airflow/dags/download_rocket_launches.py
[2026-04-04T07:31:28.097+0000] {logging_mixin.py:188} INFO - [2026-04-04T07:31:28.097+0000] {dag.py:3036} INFO - Sync 1 DAGs
[2026-04-04T07:31:28.113+0000] {logging_mixin.py:188} INFO - [2026-04-04T07:31:28.113+0000] {dag.py:3823} INFO - Setting next_dagrun for download_rocket_launch to 2026-04-03 00:00:00+00:00, run_after=2026-04-04 00:00:00+00:00
[2026-04-04T07:31:28.139+0000] {processor.py:183} INFO - Processing /opt/airflow/dags/download_rocket_launches.py took 0.142 seconds
[2026-04-04T07:31:58.499+0000] {processor.py:161} INFO - Started process (PID=466) to work on /opt/airflow/dags/download_rocket_launches.py
[2026-04-04T07:31:58.500+0000] {processor.py:830} INFO - Processing file /opt/airflow/dags/download_rocket_launches.py for tasks to queue
[2026-04-04T07:31:58.501+0000] {logging_mixin.py:188} INFO - [2026-04-04T07:31:58.501+0000] {dagbag.py:538} INFO - Filling up the DagBag from /opt/airflow/dags/download_rocket_launches.py
[2026-04-04T07:31:58.527+0000] {processor.py:840} INFO - DAG(s) 'download_rocket_launch' retrieved from /opt/airflow/dags/download_rocket_launches.py
[2026-04-04T07:31:58.556+0000] {logging_mixin.py:188} INFO - [2026-04-04T07:31:58.556+0000] {dag.py:3036} INFO - Sync 1 DAGs
[2026-04-04T07:31:58.575+0000] {logging_mixin.py:188} INFO - [2026-04-04T07:31:58.575+0000] {dag.py:3823} INFO - Setting next_dagrun for download_rocket_launch to 2026-04-03 00:00:00+00:00, run_after=2026-04-04 00:00:00+00:00
[2026-04-04T07:31:58.594+0000] {processor.py:183} INFO - Processing /opt/airflow/dags/download_rocket_launches.py took 0.097 seconds
[2026-04-04T07:32:28.784+0000] {processor.py:161} INFO - Started process (PID=476) to work on /opt/airflow/dags/download_rocket_launches.py
[2026-04-04T07:32:28.785+0000] {processor.py:830} INFO - Processing file /opt/airflow/dags/download_rocket_launches.py for tasks to queue
[2026-04-04T07:32:28.786+0000] {logging_mixin.py:188} INFO - [2026-04-04T07:32:28.786+0000] {dagbag.py:538} INFO - Filling up the DagBag from /opt/airflow/dags/download_rocket_launches.py
[2026-04-04T07:32:28.809+0000] {processor.py:840} INFO - DAG(s) 'download_rocket_launch' retrieved from /opt/airflow/dags/download_rocket_launches.py
[2026-04-04T07:32:28.839+0000] {logging_mixin.py:188} INFO - [2026-04-04T07:32:28.839+0000] {dag.py:3036} INFO - Sync 1 DAGs
[2026-04-04T07:32:28.862+0000] {logging_mixin.py:188} INFO - [2026-04-04T07:32:28.861+0000] {dag.py:3823} INFO - Setting next_dagrun for download_rocket_launch to 2026-04-03 00:00:00+00:00, run_after=2026-04-04 00:00:00+00:00
[2026-04-04T07:32:28.889+0000] {processor.py:183} INFO - Processing /opt/airflow/dags/download_rocket_launches.py took 0.108 seconds
[2026-04-04T07:32:59.248+0000] {processor.py:161} INFO - Started process (PID=486) to work on /opt/airflow/dags/download_rocket_launches.py
[2026-04-04T07:32:59.249+0000] {processor.py:830} INFO - Processing file /opt/airflow/dags/download_rocket_launches.py for tasks to queue
[2026-04-04T07:32:59.250+0000] {logging_mixin.py:188} INFO - [2026-04-04T07:32:59.250+0000] {dagbag.py:538} INFO - Filling up the DagBag from /opt/airflow/dags/download_rocket_launches.py
[2026-04-04T07:32:59.278+0000] {processor.py:840} INFO - DAG(s) 'download_rocket_launch' retrieved from /opt/airflow/dags/download_rocket_launches.py
[2026-04-04T07:32:59.302+0000] {logging_mixin.py:188} INFO - [2026-04-04T07:32:59.302+0000] {dag.py:3036} INFO - Sync 1 DAGs
[2026-04-04T07:32:59.320+0000] {logging_mixin.py:188} INFO - [2026-04-04T07:32:59.320+0000] {dag.py:3823} INFO - Setting next_dagrun for download_rocket_launch to 2026-04-03 00:00:00+00:00, run_after=2026-04-04 00:00:00+00:00
[2026-04-04T07:32:59.336+0000] {processor.py:183} INFO - Processing /opt/airflow/dags/download_rocket_launches.py took 0.090 seconds
[2026-04-04T07:33:29.625+0000] {processor.py:161} INFO - Started process (PID=496) to work on /opt/airflow/dags/download_rocket_launches.py
[2026-04-04T07:33:29.626+0000] {processor.py:830} INFO - Processing file /opt/airflow/dags/download_rocket_launches.py for tasks to queue
[2026-04-04T07:33:29.627+0000] {logging_mixin.py:188} INFO - [2026-04-04T07:33:29.627+0000] {dagbag.py:538} INFO - Filling up the DagBag from /opt/airflow/dags/download_rocket_launches.py
[2026-04-04T07:33:29.649+0000] {processor.py:840} INFO - DAG(s) 'download_rocket_launch' retrieved from /opt/airflow/dags/download_rocket_launches.py
[2026-04-04T07:33:29.676+0000] {logging_mixin.py:188} INFO - [2026-04-04T07:33:29.675+0000] {dag.py:3036} INFO - Sync 1 DAGs
[2026-04-04T07:33:29.697+0000] {logging_mixin.py:188} INFO - [2026-04-04T07:33:29.697+0000] {dag.py:3823} INFO - Setting next_dagrun for download_rocket_launch to 2026-04-03 00:00:00+00:00, run_after=2026-04-04 00:00:00+00:00
[2026-04-04T07:33:29.718+0000] {processor.py:183} INFO - Processing /opt/airflow/dags/download_rocket_launches.py took 0.095 seconds
[2026-04-04T07:33:59.967+0000] {processor.py:161} INFO - Started process (PID=506) to work on /opt/airflow/dags/download_rocket_launches.py
[2026-04-04T07:33:59.968+0000] {processor.py:830} INFO - Processing file /opt/airflow/dags/download_rocket_launches.py for tasks to queue
[2026-04-04T07:33:59.969+0000] {logging_mixin.py:188} INFO - [2026-04-04T07:33:59.969+0000] {dagbag.py:538} INFO - Filling up the DagBag from /opt/airflow/dags/download_rocket_launches.py
[2026-04-04T07:33:59.988+0000] {processor.py:840} INFO - DAG(s) 'download_rocket_launch' retrieved from /opt/airflow/dags/download_rocket_launches.py
[2026-04-04T07:34:00.020+0000] {logging_mixin.py:188} INFO - [2026-04-04T07:34:00.019+0000] {dag.py:3036} INFO - Sync 1 DAGs
[2026-04-04T07:34:00.040+0000] {logging_mixin.py:188} INFO - [2026-04-04T07:34:00.040+0000] {dag.py:3823} INFO - Setting next_dagrun for download_rocket_launch to 2026-04-03 00:00:00+00:00, run_after=2026-04-04 00:00:00+00:00
[2026-04-04T07:34:00.056+0000] {processor.py:183} INFO - Processing /opt/airflow/dags/download_rocket_launches.py took 0.091 seconds
[2026-04-04T07:34:30.333+0000] {processor.py:161} INFO - Started process (PID=516) to work on /opt/airflow/dags/download_rocket_launches.py
[2026-04-04T07:34:30.334+0000] {processor.py:830} INFO - Processing file /opt/airflow/dags/download_rocket_launches.py for tasks to queue
[2026-04-04T07:34:30.335+0000] {logging_mixin.py:188} INFO - [2026-04-04T07:34:30.334+0000] {dagbag.py:538} INFO - Filling up the DagBag from /opt/airflow/dags/download_rocket_launches.py
[2026-04-04T07:34:30.357+0000] {processor.py:840} INFO - DAG(s) 'download_rocket_launch' retrieved from /opt/airflow/dags/download_rocket_launches.py
[2026-04-04T07:34:30.383+0000] {logging_mixin.py:188} INFO - [2026-04-04T07:34:30.383+0000] {dag.py:3036} INFO - Sync 1 DAGs
[2026-04-04T07:34:30.403+0000] {logging_mixin.py:188} INFO - [2026-04-04T07:34:30.402+0000] {dag.py:3823} INFO - Setting next_dagrun for download_rocket_launch to 2026-04-03 00:00:00+00:00, run_after=2026-04-04 00:00:00+00:00
[2026-04-04T07:34:30.420+0000] {processor.py:183} INFO - Processing /opt/airflow/dags/download_rocket_launches.py took 0.089 seconds
[2026-04-04T07:34:48.660+0000] {processor.py:161} INFO - Started process (PID=523) to work on /opt/airflow/dags/download_rocket_launches.py
[2026-04-04T07:34:48.661+0000] {processor.py:830} INFO - Processing file /opt/airflow/dags/download_rocket_launches.py for tasks to queue
[2026-04-04T07:34:48.662+0000] {logging_mixin.py:188} INFO - [2026-04-04T07:34:48.662+0000] {dagbag.py:538} INFO - Filling up the DagBag from /opt/airflow/dags/download_rocket_launches.py
[2026-04-04T07:34:48.695+0000] {processor.py:840} INFO - DAG(s) 'download_rocket_launch' retrieved from /opt/airflow/dags/download_rocket_launches.py
[2026-04-04T07:34:48.853+0000] {logging_mixin.py:188} INFO - [2026-04-04T07:34:48.853+0000] {dag.py:3036} INFO - Sync 1 DAGs
[2026-04-04T07:34:48.877+0000] {logging_mixin.py:188} INFO - [2026-04-04T07:34:48.877+0000] {dag.py:3823} INFO - Setting next_dagrun for download_rocket_launch to 2026-04-03 00:00:00+00:00, run_after=2026-04-04 00:00:00+00:00
[2026-04-04T07:34:48.907+0000] {processor.py:183} INFO - Processing /opt/airflow/dags/download_rocket_launches.py took 0.250 seconds
[2026-04-04T07:35:19.119+0000] {processor.py:161} INFO - Started process (PID=533) to work on /opt/airflow/dags/download_rocket_launches.py
[2026-04-04T07:35:19.120+0000] {processor.py:830} INFO - Processing file /opt/airflow/dags/download_rocket_launches.py for tasks to queue
[2026-04-04T07:35:19.121+0000] {logging_mixin.py:188} INFO - [2026-04-04T07:35:19.121+0000] {dagbag.py:538} INFO - Filling up the DagBag from /opt/airflow/dags/download_rocket_launches.py
[2026-04-04T07:35:19.141+0000] {processor.py:840} INFO - DAG(s) 'download_rocket_launch' retrieved from /opt/airflow/dags/download_rocket_launches.py
[2026-04-04T07:35:19.168+0000] {logging_mixin.py:188} INFO - [2026-04-04T07:35:19.168+0000] {dag.py:3036} INFO - Sync 1 DAGs
[2026-04-04T07:35:19.187+0000] {logging_mixin.py:188} INFO - [2026-04-04T07:35:19.186+0000] {dag.py:3823} INFO - Setting next_dagrun for download_rocket_launch to 2026-04-03 00:00:00+00:00, run_after=2026-04-04 00:00:00+00:00
[2026-04-04T07:35:19.201+0000] {processor.py:183} INFO - Processing /opt/airflow/dags/download_rocket_launches.py took 0.085 seconds
[2026-04-04T07:35:49.489+0000] {processor.py:161} INFO - Started process (PID=561) to work on /opt/airflow/dags/download_rocket_launches.py
[2026-04-04T07:35:49.491+0000] {processor.py:830} INFO - Processing file /opt/airflow/dags/download_rocket_launches.py for tasks to queue
[2026-04-04T07:35:49.493+0000] {logging_mixin.py:188} INFO - [2026-04-04T07:35:49.492+0000] {dagbag.py:538} INFO - Filling up the DagBag from /opt/airflow/dags/download_rocket_launches.py
[2026-04-04T07:35:49.526+0000] {processor.py:840} INFO - DAG(s) 'download_rocket_launch' retrieved from /opt/airflow/dags/download_rocket_launches.py
[2026-04-04T07:35:49.552+0000] {logging_mixin.py:188} INFO - [2026-04-04T07:35:49.552+0000] {dag.py:3036} INFO - Sync 1 DAGs
[2026-04-04T07:35:49.569+0000] {logging_mixin.py:188} INFO - [2026-04-04T07:35:49.569+0000] {dag.py:3823} INFO - Setting next_dagrun for download_rocket_launch to 2026-04-03 00:00:00+00:00, run_after=2026-04-04 00:00:00+00:00
[2026-04-04T07:35:49.583+0000] {processor.py:183} INFO - Processing /opt/airflow/dags/download_rocket_launches.py took 0.098 seconds
[2026-04-04T07:36:19.868+0000] {processor.py:161} INFO - Started process (PID=571) to work on /opt/airflow/dags/download_rocket_launches.py
[2026-04-04T07:36:19.869+0000] {processor.py:830} INFO - Processing file /opt/airflow/dags/download_rocket_launches.py for tasks to queue
[2026-04-04T07:36:19.870+0000] {logging_mixin.py:188} INFO - [2026-04-04T07:36:19.869+0000] {dagbag.py:538} INFO - Filling up the DagBag from /opt/airflow/dags/download_rocket_launches.py
[2026-04-04T07:36:19.886+0000] {processor.py:840} INFO - DAG(s) 'download_rocket_launch' retrieved from /opt/airflow/dags/download_rocket_launches.py
[2026-04-04T07:36:19.910+0000] {logging_mixin.py:188} INFO - [2026-04-04T07:36:19.910+0000] {dag.py:3036} INFO - Sync 1 DAGs
[2026-04-04T07:36:19.927+0000] {logging_mixin.py:188} INFO - [2026-04-04T07:36:19.927+0000] {dag.py:3823} INFO - Setting next_dagrun for download_rocket_launch to 2026-04-03 00:00:00+00:00, run_after=2026-04-04 00:00:00+00:00
[2026-04-04T07:36:19.947+0000] {processor.py:183} INFO - Processing /opt/airflow/dags/download_rocket_launches.py took 0.082 seconds
[2026-04-04T07:36:50.250+0000] {processor.py:161} INFO - Started process (PID=581) to work on /opt/airflow/dags/download_rocket_launches.py
[2026-04-04T07:36:50.251+0000] {processor.py:830} INFO - Processing file /opt/airflow/dags/download_rocket_launches.py for tasks to queue
[2026-04-04T07:36:50.251+0000] {logging_mixin.py:188} INFO - [2026-04-04T07:36:50.251+0000] {dagbag.py:538} INFO - Filling up the DagBag from /opt/airflow/dags/download_rocket_launches.py
[2026-04-04T07:36:50.265+0000] {processor.py:840} INFO - DAG(s) 'download_rocket_launch' retrieved from /opt/airflow/dags/download_rocket_launches.py
[2026-04-04T07:36:50.286+0000] {logging_mixin.py:188} INFO - [2026-04-04T07:36:50.286+0000] {dag.py:3036} INFO - Sync 1 DAGs
[2026-04-04T07:36:50.302+0000] {logging_mixin.py:188} INFO - [2026-04-04T07:36:50.302+0000] {dag.py:3823} INFO - Setting next_dagrun for download_rocket_launch to 2026-04-03 00:00:00+00:00, run_after=2026-04-04 00:00:00+00:00
[2026-04-04T07:36:50.315+0000] {processor.py:183} INFO - Processing /opt/airflow/dags/download_rocket_launches.py took 0.067 seconds
[2026-04-04T07:36:55.343+0000] {processor.py:161} INFO - Started process (PID=586) to work on /opt/airflow/dags/download_rocket_launches.py
[2026-04-04T07:36:55.345+0000] {processor.py:830} INFO - Processing file /opt/airflow/dags/download_rocket_launches.py for tasks to queue
[2026-04-04T07:36:55.347+0000] {logging_mixin.py:188} INFO - [2026-04-04T07:36:55.346+0000] {dagbag.py:538} INFO - Filling up the DagBag from /opt/airflow/dags/download_rocket_launches.py
[2026-04-04T07:36:55.390+0000] {processor.py:840} INFO - DAG(s) 'download_rocket_launch' retrieved from /opt/airflow/dags/download_rocket_launches.py
[2026-04-04T07:36:55.488+0000] {logging_mixin.py:188} INFO - [2026-04-04T07:36:55.488+0000] {dag.py:3036} INFO - Sync 1 DAGs
[2026-04-04T07:36:55.503+0000] {logging_mixin.py:188} INFO - [2026-04-04T07:36:55.503+0000] {dag.py:3823} INFO - Setting next_dagrun for download_rocket_launch to 2026-04-03 00:00:00+00:00, run_after=2026-04-04 00:00:00+00:00
[2026-04-04T07:36:55.525+0000] {processor.py:183} INFO - Processing /opt/airflow/dags/download_rocket_launches.py took 0.185 seconds
[2026-04-04T07:37:25.899+0000] {processor.py:161} INFO - Started process (PID=601) to work on /opt/airflow/dags/download_rocket_launches.py
[2026-04-04T07:37:25.900+0000] {processor.py:830} INFO - Processing file /opt/airflow/dags/download_rocket_launches.py for tasks to queue
[2026-04-04T07:37:25.901+0000] {logging_mixin.py:188} INFO - [2026-04-04T07:37:25.901+0000] {dagbag.py:538} INFO - Filling up the DagBag from /opt/airflow/dags/download_rocket_launches.py
[2026-04-04T07:37:25.938+0000] {processor.py:840} INFO - DAG(s) 'download_rocket_launch' retrieved from /opt/airflow/dags/download_rocket_launches.py
[2026-04-04T07:37:25.965+0000] {logging_mixin.py:188} INFO - [2026-04-04T07:37:25.965+0000] {dag.py:3036} INFO - Sync 1 DAGs
[2026-04-04T07:37:25.991+0000] {logging_mixin.py:188} INFO - [2026-04-04T07:37:25.991+0000] {dag.py:3823} INFO - Setting next_dagrun for download_rocket_launch to 2026-04-03 00:00:00+00:00, run_after=2026-04-04 00:00:00+00:00
[2026-04-04T07:37:26.010+0000] {processor.py:183} INFO - Processing /opt/airflow/dags/download_rocket_launches.py took 0.113 seconds
[2026-04-04T07:37:56.326+0000] {processor.py:161} INFO - Started process (PID=619) to work on /opt/airflow/dags/download_rocket_launches.py
[2026-04-04T07:37:56.328+0000] {processor.py:830} INFO - Processing file /opt/airflow/dags/download_rocket_launches.py for tasks to queue
[2026-04-04T07:37:56.329+0000] {logging_mixin.py:188} INFO - [2026-04-04T07:37:56.329+0000] {dagbag.py:538} INFO - Filling up the DagBag from /opt/airflow/dags/download_rocket_launches.py
[2026-04-04T07:37:56.381+0000] {processor.py:840} INFO - DAG(s) 'download_rocket_launch' retrieved from /opt/airflow/dags/download_rocket_launches.py
[2026-04-04T07:37:56.408+0000] {logging_mixin.py:188} INFO - [2026-04-04T07:37:56.408+0000] {dag.py:3036} INFO - Sync 1 DAGs
[2026-04-04T07:37:56.428+0000] {logging_mixin.py:188} INFO - [2026-04-04T07:37:56.427+0000] {dag.py:3823} INFO - Setting next_dagrun for download_rocket_launch to 2026-04-03 00:00:00+00:00, run_after=2026-04-04 00:00:00+00:00
[2026-04-04T07:37:56.447+0000] {processor.py:183} INFO - Processing /opt/airflow/dags/download_rocket_launches.py took 0.124 seconds
[2026-04-04T07:38:15.774+0000] {processor.py:161} INFO - Started process (PID=629) to work on /opt/airflow/dags/download_rocket_launches.py
[2026-04-04T07:38:15.775+0000] {processor.py:830} INFO - Processing file /opt/airflow/dags/download_rocket_launches.py for tasks to queue
[2026-04-04T07:38:15.776+0000] {logging_mixin.py:188} INFO - [2026-04-04T07:38:15.775+0000] {dagbag.py:538} INFO - Filling up the DagBag from /opt/airflow/dags/download_rocket_launches.py
[2026-04-04T07:38:15.815+0000] {processor.py:840} INFO - DAG(s) 'download_rocket_launch' retrieved from /opt/airflow/dags/download_rocket_launches.py
[2026-04-04T07:38:15.904+0000] {logging_mixin.py:188} INFO - [2026-04-04T07:38:15.904+0000] {dag.py:3036} INFO - Sync 1 DAGs
[2026-04-04T07:38:15.927+0000] {logging_mixin.py:188} INFO - [2026-04-04T07:38:15.927+0000] {dag.py:3823} INFO - Setting next_dagrun for download_rocket_launch to 2026-04-03 00:00:00+00:00, run_after=2026-04-04 00:00:00+00:00
[2026-04-04T07:38:15.959+0000] {processor.py:183} INFO - Processing /opt/airflow/dags/download_rocket_launches.py took 0.188 seconds
[2026-04-04T07:38:46.203+0000] {processor.py:161} INFO - Started process (PID=648) to work on /opt/airflow/dags/download_rocket_launches.py
[2026-04-04T07:38:46.204+0000] {processor.py:830} INFO - Processing file /opt/airflow/dags/download_rocket_launches.py for tasks to queue
[2026-04-04T07:38:46.205+0000] {logging_mixin.py:188} INFO - [2026-04-04T07:38:46.205+0000] {dagbag.py:538} INFO - Filling up the DagBag from /opt/airflow/dags/download_rocket_launches.py
[2026-04-04T07:38:46.230+0000] {processor.py:840} INFO - DAG(s) 'download_rocket_launch' retrieved from /opt/airflow/dags/download_rocket_launches.py
[2026-04-04T07:38:46.266+0000] {logging_mixin.py:188} INFO - [2026-04-04T07:38:46.265+0000] {dag.py:3036} INFO - Sync 1 DAGs
[2026-04-04T07:38:46.288+0000] {logging_mixin.py:188} INFO - [2026-04-04T07:38:46.288+0000] {dag.py:3823} INFO - Setting next_dagrun for download_rocket_launch to 2026-04-03 00:00:00+00:00, run_after=2026-04-04 00:00:00+00:00
[2026-04-04T07:38:46.310+0000] {processor.py:183} INFO - Processing /opt/airflow/dags/download_rocket_launches.py took 0.113 seconds
[2026-04-04T07:39:16.631+0000] {processor.py:161} INFO - Started process (PID=658) to work on /opt/airflow/dags/download_rocket_launches.py
[2026-04-04T07:39:16.633+0000] {processor.py:830} INFO - Processing file /opt/airflow/dags/download_rocket_launches.py for tasks to queue
[2026-04-04T07:39:16.634+0000] {logging_mixin.py:188} INFO - [2026-04-04T07:39:16.633+0000] {dagbag.py:538} INFO - Filling up the DagBag from /opt/airflow/dags/download_rocket_launches.py
[2026-04-04T07:39:16.673+0000] {processor.py:840} INFO - DAG(s) 'download_rocket_launch' retrieved from /opt/airflow/dags/download_rocket_launches.py
[2026-04-04T07:39:16.702+0000] {logging_mixin.py:188} INFO - [2026-04-04T07:39:16.702+0000] {dag.py:3036} INFO - Sync 1 DAGs
[2026-04-04T07:39:16.722+0000] {logging_mixin.py:188} INFO - [2026-04-04T07:39:16.722+0000] {dag.py:3823} INFO - Setting next_dagrun for download_rocket_launch to 2026-04-03 00:00:00+00:00, run_after=2026-04-04 00:00:00+00:00
[2026-04-04T07:39:16.737+0000] {processor.py:183} INFO - Processing /opt/airflow/dags/download_rocket_launches.py took 0.109 seconds
[2026-04-04T07:39:47.034+0000] {processor.py:161} INFO - Started process (PID=668) to work on /opt/airflow/dags/download_rocket_launches.py
[2026-04-04T07:39:47.035+0000] {processor.py:830} INFO - Processing file /opt/airflow/dags/download_rocket_launches.py for tasks to queue
[2026-04-04T07:39:47.036+0000] {logging_mixin.py:188} INFO - [2026-04-04T07:39:47.036+0000] {dagbag.py:538} INFO - Filling up the DagBag from /opt/airflow/dags/download_rocket_launches.py
[2026-04-04T07:39:47.052+0000] {processor.py:840} INFO - DAG(s) 'download_rocket_launch' retrieved from /opt/airflow/dags/download_rocket_launches.py
[2026-04-04T07:39:47.074+0000] {logging_mixin.py:188} INFO - [2026-04-04T07:39:47.074+0000] {dag.py:3036} INFO - Sync 1 DAGs
[2026-04-04T07:39:47.091+0000] {logging_mixin.py:188} INFO - [2026-04-04T07:39:47.091+0000] {dag.py:3823} INFO - Setting next_dagrun for download_rocket_launch to 2026-04-03 00:00:00+00:00, run_after=2026-04-04 00:00:00+00:00
[2026-04-04T07:39:47.105+0000] {processor.py:183} INFO - Processing /opt/airflow/dags/download_rocket_launches.py took 0.074 seconds
[2026-04-04T07:40:17.368+0000] {processor.py:161} INFO - Started process (PID=683) to work on /opt/airflow/dags/download_rocket_launches.py
[2026-04-04T07:40:17.369+0000] {processor.py:830} INFO - Processing file /opt/airflow/dags/download_rocket_launches.py for tasks to queue
[2026-04-04T07:40:17.370+0000] {logging_mixin.py:188} INFO - [2026-04-04T07:40:17.370+0000] {dagbag.py:538} INFO - Filling up the DagBag from /opt/airflow/dags/download_rocket_launches.py
[2026-04-04T07:40:17.387+0000] {processor.py:840} INFO - DAG(s) 'download_rocket_launch' retrieved from /opt/airflow/dags/download_rocket_launches.py
[2026-04-04T07:40:17.412+0000] {logging_mixin.py:188} INFO - [2026-04-04T07:40:17.412+0000] {dag.py:3036} INFO - Sync 1 DAGs
[2026-04-04T07:40:17.430+0000] {logging_mixin.py:188} INFO - [2026-04-04T07:40:17.430+0000] {dag.py:3823} INFO - Setting next_dagrun for download_rocket_launch to 2026-04-03 00:00:00+00:00, run_after=2026-04-04 00:00:00+00:00
[2026-04-04T07:40:17.445+0000] {processor.py:183} INFO - Processing /opt/airflow/dags/download_rocket_launches.py took 0.080 seconds
[2026-04-04T07:40:47.679+0000] {processor.py:161} INFO - Started process (PID=693) to work on /opt/airflow/dags/download_rocket_launches.py
[2026-04-04T07:40:47.679+0000] {processor.py:830} INFO - Processing file /opt/airflow/dags/download_rocket_launches.py for tasks to queue
[2026-04-04T07:40:47.680+0000] {logging_mixin.py:188} INFO - [2026-04-04T07:40:47.680+0000] {dagbag.py:538} INFO - Filling up the DagBag from /opt/airflow/dags/download_rocket_launches.py
[2026-04-04T07:40:47.697+0000] {processor.py:840} INFO - DAG(s) 'download_rocket_launch' retrieved from /opt/airflow/dags/download_rocket_launches.py
[2026-04-04T07:40:47.731+0000] {logging_mixin.py:188} INFO - [2026-04-04T07:40:47.730+0000] {dag.py:3036} INFO - Sync 1 DAGs
[2026-04-04T07:40:47.748+0000] {logging_mixin.py:188} INFO - [2026-04-04T07:40:47.748+0000] {dag.py:3823} INFO - Setting next_dagrun for download_rocket_launch to 2026-04-03 00:00:00+00:00, run_after=2026-04-04 00:00:00+00:00
[2026-04-04T07:40:47.762+0000] {processor.py:183} INFO - Processing /opt/airflow/dags/download_rocket_launches.py took 0.087 seconds
[2026-04-04T07:41:18.083+0000] {processor.py:161} INFO - Started process (PID=708) to work on /opt/airflow/dags/download_rocket_launches.py
[2026-04-04T07:41:18.084+0000] {processor.py:830} INFO - Processing file /opt/airflow/dags/download_rocket_launches.py for tasks to queue
[2026-04-04T07:41:18.085+0000] {logging_mixin.py:188} INFO - [2026-04-04T07:41:18.085+0000] {dagbag.py:538} INFO - Filling up the DagBag from /opt/airflow/dags/download_rocket_launches.py
[2026-04-04T07:41:18.106+0000] {processor.py:840} INFO - DAG(s) 'download_rocket_launch' retrieved from /opt/airflow/dags/download_rocket_launches.py
[2026-04-04T07:41:18.134+0000] {logging_mixin.py:188} INFO - [2026-04-04T07:41:18.134+0000] {dag.py:3036} INFO - Sync 1 DAGs
[2026-04-04T07:41:18.151+0000] {logging_mixin.py:188} INFO - [2026-04-04T07:41:18.151+0000] {dag.py:3823} INFO - Setting next_dagrun for download_rocket_launch to 2026-04-03 00:00:00+00:00, run_after=2026-04-04 00:00:00+00:00
[2026-04-04T07:41:18.166+0000] {processor.py:183} INFO - Processing /opt/airflow/dags/download_rocket_launches.py took 0.085 seconds
[2026-04-04T07:41:48.412+0000] {processor.py:161} INFO - Started process (PID=718) to work on /opt/airflow/dags/download_rocket_launches.py
[2026-04-04T07:41:48.413+0000] {processor.py:830} INFO - Processing file /opt/airflow/dags/download_rocket_launches.py for tasks to queue
[2026-04-04T07:41:48.414+0000] {logging_mixin.py:188} INFO - [2026-04-04T07:41:48.413+0000] {dagbag.py:538} INFO - Filling up the DagBag from /opt/airflow/dags/download_rocket_launches.py
[2026-04-04T07:41:48.426+0000] {processor.py:840} INFO - DAG(s) 'download_rocket_launch' retrieved from /opt/airflow/dags/download_rocket_launches.py
[2026-04-04T07:41:48.449+0000] {logging_mixin.py:188} INFO - [2026-04-04T07:41:48.449+0000] {dag.py:3036} INFO - Sync 1 DAGs
[2026-04-04T07:41:48.465+0000] {logging_mixin.py:188} INFO - [2026-04-04T07:41:48.465+0000] {dag.py:3823} INFO - Setting next_dagrun for download_rocket_launch to 2026-04-03 00:00:00+00:00, run_after=2026-04-04 00:00:00+00:00
[2026-04-04T07:41:48.477+0000] {processor.py:183} INFO - Processing /opt/airflow/dags/download_rocket_launches.py took 0.067 seconds
[2026-04-04T07:42:18.796+0000] {processor.py:161} INFO - Started process (PID=728) to work on /opt/airflow/dags/download_rocket_launches.py
[2026-04-04T07:42:18.797+0000] {processor.py:830} INFO - Processing file /opt/airflow/dags/download_rocket_launches.py for tasks to queue
[2026-04-04T07:42:18.798+0000] {logging_mixin.py:188} INFO - [2026-04-04T07:42:18.798+0000] {dagbag.py:538} INFO - Filling up the DagBag from /opt/airflow/dags/download_rocket_launches.py
[2026-04-04T07:42:18.815+0000] {processor.py:840} INFO - DAG(s) 'download_rocket_launch' retrieved from /opt/airflow/dags/download_rocket_launches.py
[2026-04-04T07:42:18.835+0000] {logging_mixin.py:188} INFO - [2026-04-04T07:42:18.835+0000] {dag.py:3036} INFO - Sync 1 DAGs
[2026-04-04T07:42:18.851+0000] {logging_mixin.py:188} INFO - [2026-04-04T07:42:18.850+0000] {dag.py:3823} INFO - Setting next_dagrun for download_rocket_launch to 2026-04-03 00:00:00+00:00, run_after=2026-04-04 00:00:00+00:00
[2026-04-04T07:42:18.864+0000] {processor.py:183} INFO - Processing /opt/airflow/dags/download_rocket_launches.py took 0.070 seconds
[2026-04-04T07:42:49.157+0000] {processor.py:161} INFO - Started process (PID=743) to work on /opt/airflow/dags/download_rocket_launches.py
[2026-04-04T07:42:49.158+0000] {processor.py:830} INFO - Processing file /opt/airflow/dags/download_rocket_launches.py for tasks to queue
[2026-04-04T07:42:49.158+0000] {logging_mixin.py:188} INFO - [2026-04-04T07:42:49.158+0000] {dagbag.py:538} INFO - Filling up the DagBag from /opt/airflow/dags/download_rocket_launches.py
[2026-04-04T07:42:49.177+0000] {processor.py:840} INFO - DAG(s) 'download_rocket_launch' retrieved from /opt/airflow/dags/download_rocket_launches.py
[2026-04-04T07:42:49.196+0000] {logging_mixin.py:188} INFO - [2026-04-04T07:42:49.196+0000] {dag.py:3036} INFO - Sync 1 DAGs
[2026-04-04T07:42:49.211+0000] {logging_mixin.py:188} INFO - [2026-04-04T07:42:49.211+0000] {dag.py:3823} INFO - Setting next_dagrun for download_rocket_launch to 2026-04-03 00:00:00+00:00, run_after=2026-04-04 00:00:00+00:00
[2026-04-04T07:42:49.227+0000] {processor.py:183} INFO - Processing /opt/airflow/dags/download_rocket_launches.py took 0.072 seconds
[2026-04-04T07:43:19.490+0000] {processor.py:161} INFO - Started process (PID=753) to work on /opt/airflow/dags/download_rocket_launches.py
[2026-04-04T07:43:19.491+0000] {processor.py:830} INFO - Processing file /opt/airflow/dags/download_rocket_launches.py for tasks to queue
[2026-04-04T07:43:19.492+0000] {logging_mixin.py:188} INFO - [2026-04-04T07:43:19.492+0000] {dagbag.py:538} INFO - Filling up the DagBag from /opt/airflow/dags/download_rocket_launches.py
[2026-04-04T07:43:19.509+0000] {processor.py:840} INFO - DAG(s) 'download_rocket_launch' retrieved from /opt/airflow/dags/download_rocket_launches.py
[2026-04-04T07:43:19.529+0000] {logging_mixin.py:188} INFO - [2026-04-04T07:43:19.528+0000] {dag.py:3036} INFO - Sync 1 DAGs
[2026-04-04T07:43:19.544+0000] {logging_mixin.py:188} INFO - [2026-04-04T07:43:19.544+0000] {dag.py:3823} INFO - Setting next_dagrun for download_rocket_launch to 2026-04-03 00:00:00+00:00, run_after=2026-04-04 00:00:00+00:00
[2026-04-04T07:43:19.556+0000] {processor.py:183} INFO - Processing /opt/airflow/dags/download_rocket_launches.py took 0.070 seconds
[2026-04-04T07:43:49.840+0000] {processor.py:161} INFO - Started process (PID=768) to work on /opt/airflow/dags/download_rocket_launches.py
[2026-04-04T07:43:49.841+0000] {processor.py:830} INFO - Processing file /opt/airflow/dags/download_rocket_launches.py for tasks to queue
[2026-04-04T07:43:49.842+0000] {logging_mixin.py:188} INFO - [2026-04-04T07:43:49.842+0000] {dagbag.py:538} INFO - Filling up the DagBag from /opt/airflow/dags/download_rocket_launches.py
[2026-04-04T07:43:49.863+0000] {processor.py:840} INFO - DAG(s) 'download_rocket_launch' retrieved from /opt/airflow/dags/download_rocket_launches.py
[2026-04-04T07:43:49.888+0000] {logging_mixin.py:188} INFO - [2026-04-04T07:43:49.888+0000] {dag.py:3036} INFO - Sync 1 DAGs
[2026-04-04T07:43:49.906+0000] {logging_mixin.py:188} INFO - [2026-04-04T07:43:49.906+0000] {dag.py:3823} INFO - Setting next_dagrun for download_rocket_launch to 2026-04-03 00:00:00+00:00, run_after=2026-04-04 00:00:00+00:00
[2026-04-04T07:43:49.924+0000] {processor.py:183} INFO - Processing /opt/airflow/dags/download_rocket_launches.py took 0.086 seconds
[2026-04-04T07:44:20.117+0000] {processor.py:161} INFO - Started process (PID=778) to work on /opt/airflow/dags/download_rocket_launches.py
[2026-04-04T07:44:20.119+0000] {processor.py:830} INFO - Processing file /opt/airflow/dags/download_rocket_launches.py for tasks to queue
[2026-04-04T07:44:20.120+0000] {logging_mixin.py:188} INFO - [2026-04-04T07:44:20.120+0000] {dagbag.py:538} INFO - Filling up the DagBag from /opt/airflow/dags/download_rocket_launches.py
[2026-04-04T07:44:20.139+0000] {processor.py:840} INFO - DAG(s) 'download_rocket_launch' retrieved from /opt/airflow/dags/download_rocket_launches.py
[2026-04-04T07:44:20.165+0000] {logging_mixin.py:188} INFO - [2026-04-04T07:44:20.165+0000] {dag.py:3036} INFO - Sync 1 DAGs
[2026-04-04T07:44:20.183+0000] {logging_mixin.py:188} INFO - [2026-04-04T07:44:20.183+0000] {dag.py:3823} INFO - Setting next_dagrun for download_rocket_launch to 2026-04-03 00:00:00+00:00, run_after=2026-04-04 00:00:00+00:00
[2026-04-04T07:44:20.202+0000] {processor.py:183} INFO - Processing /opt/airflow/dags/download_rocket_launches.py took 0.089 seconds
[2026-04-04T07:44:50.569+0000] {processor.py:161} INFO - Started process (PID=788) to work on /opt/airflow/dags/download_rocket_launches.py
[2026-04-04T07:44:50.570+0000] {processor.py:830} INFO - Processing file /opt/airflow/dags/download_rocket_launches.py for tasks to queue
[2026-04-04T07:44:50.571+0000] {logging_mixin.py:188} INFO - [2026-04-04T07:44:50.570+0000] {dagbag.py:538} INFO - Filling up the DagBag from /opt/airflow/dags/download_rocket_launches.py
[2026-04-04T07:44:50.591+0000] {processor.py:840} INFO - DAG(s) 'download_rocket_launch' retrieved from /opt/airflow/dags/download_rocket_launches.py
[2026-04-04T07:44:50.613+0000] {logging_mixin.py:188} INFO - [2026-04-04T07:44:50.613+0000] {dag.py:3036} INFO - Sync 1 DAGs
[2026-04-04T07:44:50.629+0000] {logging_mixin.py:188} INFO - [2026-04-04T07:44:50.629+0000] {dag.py:3823} INFO - Setting next_dagrun for download_rocket_launch to 2026-04-03 00:00:00+00:00, run_after=2026-04-04 00:00:00+00:00
[2026-04-04T07:44:50.644+0000] {processor.py:183} INFO - Processing /opt/airflow/dags/download_rocket_launches.py took 0.078 seconds
[2026-04-04T07:45:20.869+0000] {processor.py:161} INFO - Started process (PID=803) to work on /opt/airflow/dags/download_rocket_launches.py
[2026-04-04T07:45:20.870+0000] {processor.py:830} INFO - Processing file /opt/airflow/dags/download_rocket_launches.py for tasks to queue
[2026-04-04T07:45:20.871+0000] {logging_mixin.py:188} INFO - [2026-04-04T07:45:20.871+0000] {dagbag.py:538} INFO - Filling up the DagBag from /opt/airflow/dags/download_rocket_launches.py
[2026-04-04T07:45:20.893+0000] {processor.py:840} INFO - DAG(s) 'download_rocket_launch' retrieved from /opt/airflow/dags/download_rocket_launches.py
[2026-04-04T07:45:20.918+0000] {logging_mixin.py:188} INFO - [2026-04-04T07:45:20.918+0000] {dag.py:3036} INFO - Sync 1 DAGs
[2026-04-04T07:45:20.936+0000] {logging_mixin.py:188} INFO - [2026-04-04T07:45:20.936+0000] {dag.py:3823} INFO - Setting next_dagrun for download_rocket_launch to 2026-04-03 00:00:00+00:00, run_after=2026-04-04 00:00:00+00:00
[2026-04-04T07:45:20.952+0000] {processor.py:183} INFO - Processing /opt/airflow/dags/download_rocket_launches.py took 0.086 seconds
[2026-04-04T07:45:51.166+0000] {processor.py:161} INFO - Started process (PID=813) to work on /opt/airflow/dags/download_rocket_launches.py
[2026-04-04T07:45:51.167+0000] {processor.py:830} INFO - Processing file /opt/airflow/dags/download_rocket_launches.py for tasks to queue
[2026-04-04T07:45:51.168+0000] {logging_mixin.py:188} INFO - [2026-04-04T07:45:51.168+0000] {dagbag.py:538} INFO - Filling up the DagBag from /opt/airflow/dags/download_rocket_launches.py
[2026-04-04T07:45:51.181+0000] {processor.py:840} INFO - DAG(s) 'download_rocket_launch' retrieved from /opt/airflow/dags/download_rocket_launches.py
[2026-04-04T07:45:51.200+0000] {logging_mixin.py:188} INFO - [2026-04-04T07:45:51.200+0000] {dag.py:3036} INFO - Sync 1 DAGs
[2026-04-04T07:45:51.213+0000] {logging_mixin.py:188} INFO - [2026-04-04T07:45:51.213+0000] {dag.py:3823} INFO - Setting next_dagrun for download_rocket_launch to 2026-04-03 00:00:00+00:00, run_after=2026-04-04 00:00:00+00:00
[2026-04-04T07:45:51.224+0000] {processor.py:183} INFO - Processing /opt/airflow/dags/download_rocket_launches.py took 0.060 seconds
[2026-04-04T07:46:21.479+0000] {processor.py:161} INFO - Started process (PID=828) to work on /opt/airflow/dags/download_rocket_launches.py
[2026-04-04T07:46:21.479+0000] {processor.py:830} INFO - Processing file /opt/airflow/dags/download_rocket_launches.py for tasks to queue
[2026-04-04T07:46:21.480+0000] {logging_mixin.py:188} INFO - [2026-04-04T07:46:21.480+0000] {dagbag.py:538} INFO - Filling up the DagBag from /opt/airflow/dags/download_rocket_launches.py
[2026-04-04T07:46:21.495+0000] {processor.py:840} INFO - DAG(s) 'download_rocket_launch' retrieved from /opt/airflow/dags/download_rocket_launches.py
[2026-04-04T07:46:21.515+0000] {logging_mixin.py:188} INFO - [2026-04-04T07:46:21.515+0000] {dag.py:3036} INFO - Sync 1 DAGs
[2026-04-04T07:46:21.530+0000] {logging_mixin.py:188} INFO - [2026-04-04T07:46:21.530+0000] {dag.py:3823} INFO - Setting next_dagrun for download_rocket_launch to 2026-04-03 00:00:00+00:00, run_after=2026-04-04 00:00:00+00:00
[2026-04-04T07:46:21.543+0000] {processor.py:183} INFO - Processing /opt/airflow/dags/download_rocket_launches.py took 0.066 seconds
[2026-04-04T07:46:51.836+0000] {processor.py:161} INFO - Started process (PID=838) to work on /opt/airflow/dags/download_rocket_launches.py
[2026-04-04T07:46:51.837+0000] {processor.py:830} INFO - Processing file /opt/airflow/dags/download_rocket_launches.py for tasks to queue
[2026-04-04T07:46:51.838+0000] {logging_mixin.py:188} INFO - [2026-04-04T07:46:51.838+0000] {dagbag.py:538} INFO - Filling up the DagBag from /opt/airflow/dags/download_rocket_launches.py
[2026-04-04T07:46:51.857+0000] {processor.py:840} INFO - DAG(s) 'download_rocket_launch' retrieved from /opt/airflow/dags/download_rocket_launches.py
[2026-04-04T07:46:51.879+0000] {logging_mixin.py:188} INFO - [2026-04-04T07:46:51.879+0000] {dag.py:3036} INFO - Sync 1 DAGs
[2026-04-04T07:46:51.898+0000] {logging_mixin.py:188} INFO - [2026-04-04T07:46:51.897+0000] {dag.py:3823} INFO - Setting next_dagrun for download_rocket_launch to 2026-04-03 00:00:00+00:00, run_after=2026-04-04 00:00:00+00:00
[2026-04-04T07:46:51.914+0000] {processor.py:183} INFO - Processing /opt/airflow/dags/download_rocket_launches.py took 0.081 seconds
[2026-04-04T07:47:22.084+0000] {processor.py:161} INFO - Started process (PID=852) to work on /opt/airflow/dags/download_rocket_launches.py
[2026-04-04T07:47:22.085+0000] {processor.py:830} INFO - Processing file /opt/airflow/dags/download_rocket_launches.py for tasks to queue
[2026-04-04T07:47:22.086+0000] {logging_mixin.py:188} INFO - [2026-04-04T07:47:22.086+0000] {dagbag.py:538} INFO - Filling up the DagBag from /opt/airflow/dags/download_rocket_launches.py
[2026-04-04T07:47:22.114+0000] {processor.py:840} INFO - DAG(s) 'download_rocket_launch' retrieved from /opt/airflow/dags/download_rocket_launches.py
[2026-04-04T07:47:22.139+0000] {logging_mixin.py:188} INFO - [2026-04-04T07:47:22.139+0000] {dag.py:3036} INFO - Sync 1 DAGs
[2026-04-04T07:47:22.157+0000] {logging_mixin.py:188} INFO - [2026-04-04T07:47:22.157+0000] {dag.py:3823} INFO - Setting next_dagrun for download_rocket_launch to 2026-04-03 00:00:00+00:00, run_after=2026-04-04 00:00:00+00:00
[2026-04-04T07:47:22.175+0000] {processor.py:183} INFO - Processing /opt/airflow/dags/download_rocket_launches.py took 0.093 seconds
[2026-04-04T07:47:52.425+0000] {processor.py:161} INFO - Started process (PID=862) to work on /opt/airflow/dags/download_rocket_launches.py
[2026-04-04T07:47:52.425+0000] {processor.py:830} INFO - Processing file /opt/airflow/dags/download_rocket_launches.py for tasks to queue
[2026-04-04T07:47:52.426+0000] {logging_mixin.py:188} INFO - [2026-04-04T07:47:52.426+0000] {dagbag.py:538} INFO - Filling up the DagBag from /opt/airflow/dags/download_rocket_launches.py
[2026-04-04T07:47:52.443+0000] {processor.py:840} INFO - DAG(s) 'download_rocket_launch' retrieved from /opt/airflow/dags/download_rocket_launches.py
[2026-04-04T07:47:52.464+0000] {logging_mixin.py:188} INFO - [2026-04-04T07:47:52.464+0000] {dag.py:3036} INFO - Sync 1 DAGs
[2026-04-04T07:47:52.479+0000] {logging_mixin.py:188} INFO - [2026-04-04T07:47:52.479+0000] {dag.py:3823} INFO - Setting next_dagrun for download_rocket_launch to 2026-04-03 00:00:00+00:00, run_after=2026-04-04 00:00:00+00:00
[2026-04-04T07:47:52.500+0000] {processor.py:183} INFO - Processing /opt/airflow/dags/download_rocket_launches.py took 0.077 seconds
[2026-04-04T07:48:22.722+0000] {processor.py:161} INFO - Started process (PID=897) to work on /opt/airflow/dags/download_rocket_launches.py
[2026-04-04T07:48:22.723+0000] {processor.py:830} INFO - Processing file /opt/airflow/dags/download_rocket_launches.py for tasks to queue
[2026-04-04T07:48:22.724+0000] {logging_mixin.py:188} INFO - [2026-04-04T07:48:22.723+0000] {dagbag.py:538} INFO - Filling up the DagBag from /opt/airflow/dags/download_rocket_launches.py
[2026-04-04T07:48:22.743+0000] {processor.py:840} INFO - DAG(s) 'download_rocket_launch' retrieved from /opt/airflow/dags/download_rocket_launches.py
[2026-04-04T07:48:22.773+0000] {logging_mixin.py:188} INFO - [2026-04-04T07:48:22.773+0000] {dag.py:3036} INFO - Sync 1 DAGs
[2026-04-04T07:48:22.796+0000] {logging_mixin.py:188} INFO - [2026-04-04T07:48:22.796+0000] {dag.py:3823} INFO - Setting next_dagrun for download_rocket_launch to 2026-04-03 00:00:00+00:00, run_after=2026-04-04 00:00:00+00:00
[2026-04-04T07:48:22.832+0000] {processor.py:183} INFO - Processing /opt/airflow/dags/download_rocket_launches.py took 0.113 seconds
[2026-04-04T07:48:53.017+0000] {processor.py:161} INFO - Started process (PID=907) to work on /opt/airflow/dags/download_rocket_launches.py
[2026-04-04T07:48:53.019+0000] {processor.py:830} INFO - Processing file /opt/airflow/dags/download_rocket_launches.py for tasks to queue
[2026-04-04T07:48:53.022+0000] {logging_mixin.py:188} INFO - [2026-04-04T07:48:53.021+0000] {dagbag.py:538} INFO - Filling up the DagBag from /opt/airflow/dags/download_rocket_launches.py
[2026-04-04T07:48:53.062+0000] {processor.py:840} INFO - DAG(s) 'download_rocket_launch' retrieved from /opt/airflow/dags/download_rocket_launches.py
[2026-04-04T07:48:53.092+0000] {logging_mixin.py:188} INFO - [2026-04-04T07:48:53.092+0000] {dag.py:3036} INFO - Sync 1 DAGs
[2026-04-04T07:48:53.111+0000] {logging_mixin.py:188} INFO - [2026-04-04T07:48:53.111+0000] {dag.py:3823} INFO - Setting next_dagrun for download_rocket_launch to 2026-04-03 00:00:00+00:00, run_after=2026-04-04 00:00:00+00:00
[2026-04-04T07:48:53.126+0000] {processor.py:183} INFO - Processing /opt/airflow/dags/download_rocket_launches.py took 0.112 seconds
[2026-04-04T07:49:23.402+0000] {processor.py:161} INFO - Started process (PID=917) to work on /opt/airflow/dags/download_rocket_launches.py
[2026-04-04T07:49:23.403+0000] {processor.py:830} INFO - Processing file /opt/airflow/dags/download_rocket_launches.py for tasks to queue
[2026-04-04T07:49:23.403+0000] {logging_mixin.py:188} INFO - [2026-04-04T07:49:23.403+0000] {dagbag.py:538} INFO - Filling up the DagBag from /opt/airflow/dags/download_rocket_launches.py
[2026-04-04T07:49:23.421+0000] {processor.py:840} INFO - DAG(s) 'download_rocket_launch' retrieved from /opt/airflow/dags/download_rocket_launches.py
[2026-04-04T07:49:23.448+0000] {logging_mixin.py:188} INFO - [2026-04-04T07:49:23.447+0000] {dag.py:3036} INFO - Sync 1 DAGs
[2026-04-04T07:49:23.466+0000] {logging_mixin.py:188} INFO - [2026-04-04T07:49:23.466+0000] {dag.py:3823} INFO - Setting next_dagrun for download_rocket_launch to 2026-04-03 00:00:00+00:00, run_after=2026-04-04 00:00:00+00:00
[2026-04-04T07:49:23.481+0000] {processor.py:183} INFO - Processing /opt/airflow/dags/download_rocket_launches.py took 0.084 seconds
[2026-04-04T07:49:53.817+0000] {processor.py:161} INFO - Started process (PID=927) to work on /opt/airflow/dags/download_rocket_launches.py
[2026-04-04T07:49:53.818+0000] {processor.py:830} INFO - Processing file /opt/airflow/dags/download_rocket_launches.py for tasks to queue
[2026-04-04T07:49:53.818+0000] {logging_mixin.py:188} INFO - [2026-04-04T07:49:53.818+0000] {dagbag.py:538} INFO - Filling up the DagBag from /opt/airflow/dags/download_rocket_launches.py
[2026-04-04T07:49:53.835+0000] {processor.py:840} INFO - DAG(s) 'download_rocket_launch' retrieved from /opt/airflow/dags/download_rocket_launches.py
[2026-04-04T07:49:53.859+0000] {logging_mixin.py:188} INFO - [2026-04-04T07:49:53.859+0000] {dag.py:3036} INFO - Sync 1 DAGs
[2026-04-04T07:49:53.876+0000] {logging_mixin.py:188} INFO - [2026-04-04T07:49:53.875+0000] {dag.py:3823} INFO - Setting next_dagrun for download_rocket_launch to 2026-04-03 00:00:00+00:00, run_after=2026-04-04 00:00:00+00:00
[2026-04-04T07:49:53.889+0000] {processor.py:183} INFO - Processing /opt/airflow/dags/download_rocket_launches.py took 0.074 seconds
[2026-04-04T07:50:24.154+0000] {processor.py:161} INFO - Started process (PID=937) to work on /opt/airflow/dags/download_rocket_launches.py
[2026-04-04T07:50:24.155+0000] {processor.py:830} INFO - Processing file /opt/airflow/dags/download_rocket_launches.py for tasks to queue
[2026-04-04T07:50:24.156+0000] {logging_mixin.py:188} INFO - [2026-04-04T07:50:24.155+0000] {dagbag.py:538} INFO - Filling up the DagBag from /opt/airflow/dags/download_rocket_launches.py
[2026-04-04T07:50:24.171+0000] {processor.py:840} INFO - DAG(s) 'download_rocket_launch' retrieved from /opt/airflow/dags/download_rocket_launches.py
[2026-04-04T07:50:24.191+0000] {logging_mixin.py:188} INFO - [2026-04-04T07:50:24.191+0000] {dag.py:3036} INFO - Sync 1 DAGs
[2026-04-04T07:50:24.206+0000] {logging_mixin.py:188} INFO - [2026-04-04T07:50:24.205+0000] {dag.py:3823} INFO - Setting next_dagrun for download_rocket_launch to 2026-04-03 00:00:00+00:00, run_after=2026-04-04 00:00:00+00:00
[2026-04-04T07:50:24.220+0000] {processor.py:183} INFO - Processing /opt/airflow/dags/download_rocket_launches.py took 0.068 seconds
[2026-04-04T07:50:54.487+0000] {processor.py:161} INFO - Started process (PID=952) to work on /opt/airflow/dags/download_rocket_launches.py
[2026-04-04T07:50:54.489+0000] {processor.py:830} INFO - Processing file /opt/airflow/dags/download_rocket_launches.py for tasks to queue
[2026-04-04T07:50:54.490+0000] {logging_mixin.py:188} INFO - [2026-04-04T07:50:54.489+0000] {dagbag.py:538} INFO - Filling up the DagBag from /opt/airflow/dags/download_rocket_launches.py
[2026-04-04T07:50:54.524+0000] {processor.py:840} INFO - DAG(s) 'download_rocket_launch' retrieved from /opt/airflow/dags/download_rocket_launches.py
[2026-04-04T07:50:54.547+0000] {logging_mixin.py:188} INFO - [2026-04-04T07:50:54.547+0000] {dag.py:3036} INFO - Sync 1 DAGs
[2026-04-04T07:50:54.564+0000] {logging_mixin.py:188} INFO - [2026-04-04T07:50:54.564+0000] {dag.py:3823} INFO - Setting next_dagrun for download_rocket_launch to 2026-04-03 00:00:00+00:00, run_after=2026-04-04 00:00:00+00:00
[2026-04-04T07:50:54.576+0000] {processor.py:183} INFO - Processing /opt/airflow/dags/download_rocket_launches.py took 0.091 seconds
[2026-04-04T07:51:24.724+0000] {processor.py:161} INFO - Started process (PID=962) to work on /opt/airflow/dags/download_rocket_launches.py
[2026-04-04T07:51:24.726+0000] {processor.py:830} INFO - Processing file /opt/airflow/dags/download_rocket_launches.py for tasks to queue
[2026-04-04T07:51:24.727+0000] {logging_mixin.py:188} INFO - [2026-04-04T07:51:24.727+0000] {dagbag.py:538} INFO - Filling up the DagBag from /opt/airflow/dags/download_rocket_launches.py
[2026-04-04T07:51:24.749+0000] {processor.py:840} INFO - DAG(s) 'download_rocket_launch' retrieved from /opt/airflow/dags/download_rocket_launches.py
[2026-04-04T07:51:24.776+0000] {logging_mixin.py:188} INFO - [2026-04-04T07:51:24.776+0000] {dag.py:3036} INFO - Sync 1 DAGs
[2026-04-04T07:51:24.796+0000] {logging_mixin.py:188} INFO - [2026-04-04T07:51:24.796+0000] {dag.py:3823} INFO - Setting next_dagrun for download_rocket_launch to 2026-04-03 00:00:00+00:00, run_after=2026-04-04 00:00:00+00:00
[2026-04-04T07:51:24.812+0000] {processor.py:183} INFO - Processing /opt/airflow/dags/download_rocket_launches.py took 0.093 seconds
[2026-04-04T07:51:55.159+0000] {processor.py:161} INFO - Started process (PID=972) to work on /opt/airflow/dags/download_rocket_launches.py
[2026-04-04T07:51:55.160+0000] {processor.py:830} INFO - Processing file /opt/airflow/dags/download_rocket_launches.py for tasks to queue
[2026-04-04T07:51:55.161+0000] {logging_mixin.py:188} INFO - [2026-04-04T07:51:55.161+0000] {dagbag.py:538} INFO - Filling up the DagBag from /opt/airflow/dags/download_rocket_launches.py
[2026-04-04T07:51:55.180+0000] {processor.py:840} INFO - DAG(s) 'download_rocket_launch' retrieved from /opt/airflow/dags/download_rocket_launches.py
[2026-04-04T07:51:55.204+0000] {logging_mixin.py:188} INFO - [2026-04-04T07:51:55.204+0000] {dag.py:3036} INFO - Sync 1 DAGs
[2026-04-04T07:51:55.223+0000] {logging_mixin.py:188} INFO - [2026-04-04T07:51:55.223+0000] {dag.py:3823} INFO - Setting next_dagrun for download_rocket_launch to 2026-04-03 00:00:00+00:00, run_after=2026-04-04 00:00:00+00:00
[2026-04-04T07:51:55.238+0000] {processor.py:183} INFO - Processing /opt/airflow/dags/download_rocket_launches.py took 0.081 seconds
[2026-04-04T07:52:25.486+0000] {processor.py:161} INFO - Started process (PID=982) to work on /opt/airflow/dags/download_rocket_launches.py
[2026-04-04T07:52:25.487+0000] {processor.py:830} INFO - Processing file /opt/airflow/dags/download_rocket_launches.py for tasks to queue
[2026-04-04T07:52:25.488+0000] {logging_mixin.py:188} INFO - [2026-04-04T07:52:25.488+0000] {dagbag.py:538} INFO - Filling up the DagBag from /opt/airflow/dags/download_rocket_launches.py
[2026-04-04T07:52:25.506+0000] {processor.py:840} INFO - DAG(s) 'download_rocket_launch' retrieved from /opt/airflow/dags/download_rocket_launches.py
[2026-04-04T07:52:25.530+0000] {logging_mixin.py:188} INFO - [2026-04-04T07:52:25.530+0000] {dag.py:3036} INFO - Sync 1 DAGs
[2026-04-04T07:52:25.547+0000] {logging_mixin.py:188} INFO - [2026-04-04T07:52:25.547+0000] {dag.py:3823} INFO - Setting next_dagrun for download_rocket_launch to 2026-04-03 00:00:00+00:00, run_after=2026-04-04 00:00:00+00:00
[2026-04-04T07:52:25.561+0000] {processor.py:183} INFO - Processing /opt/airflow/dags/download_rocket_launches.py took 0.078 seconds
[2026-04-04T07:52:55.794+0000] {processor.py:161} INFO - Started process (PID=992) to work on /opt/airflow/dags/download_rocket_launches.py
[2026-04-04T07:52:55.795+0000] {processor.py:830} INFO - Processing file /opt/airflow/dags/download_rocket_launches.py for tasks to queue
[2026-04-04T07:52:55.796+0000] {logging_mixin.py:188} INFO - [2026-04-04T07:52:55.796+0000] {dagbag.py:538} INFO - Filling up the DagBag from /opt/airflow/dags/download_rocket_launches.py
[2026-04-04T07:52:55.811+0000] {processor.py:840} INFO - DAG(s) 'download_rocket_launch' retrieved from /opt/airflow/dags/download_rocket_launches.py
[2026-04-04T07:52:55.833+0000] {logging_mixin.py:188} INFO - [2026-04-04T07:52:55.833+0000] {dag.py:3036} INFO - Sync 1 DAGs
[2026-04-04T07:52:55.849+0000] {logging_mixin.py:188} INFO - [2026-04-04T07:52:55.848+0000] {dag.py:3823} INFO - Setting next_dagrun for download_rocket_launch to 2026-04-03 00:00:00+00:00, run_after=2026-04-04 00:00:00+00:00
[2026-04-04T07:52:55.865+0000] {processor.py:183} INFO - Processing /opt/airflow/dags/download_rocket_launches.py took 0.073 seconds
[2026-04-04T07:53:26.118+0000] {processor.py:161} INFO - Started process (PID=1007) to work on /opt/airflow/dags/download_rocket_launches.py
[2026-04-04T07:53:26.119+0000] {processor.py:830} INFO - Processing file /opt/airflow/dags/download_rocket_launches.py for tasks to queue
[2026-04-04T07:53:26.120+0000] {logging_mixin.py:188} INFO - [2026-04-04T07:53:26.120+0000] {dagbag.py:538} INFO - Filling up the DagBag from /opt/airflow/dags/download_rocket_launches.py
[2026-04-04T07:53:26.143+0000] {processor.py:840} INFO - DAG(s) 'download_rocket_launch' retrieved from /opt/airflow/dags/download_rocket_launches.py
[2026-04-04T07:53:26.167+0000] {logging_mixin.py:188} INFO - [2026-04-04T07:53:26.167+0000] {dag.py:3036} INFO - Sync 1 DAGs
[2026-04-04T07:53:26.185+0000] {logging_mixin.py:188} INFO - [2026-04-04T07:53:26.185+0000] {dag.py:3823} INFO - Setting next_dagrun for download_rocket_launch to 2026-04-03 00:00:00+00:00, run_after=2026-04-04 00:00:00+00:00
[2026-04-04T07:53:26.198+0000] {processor.py:183} INFO - Processing /opt/airflow/dags/download_rocket_launches.py took 0.083 seconds
[2026-04-04T07:53:56.449+0000] {processor.py:161} INFO - Started process (PID=1017) to work on /opt/airflow/dags/download_rocket_launches.py
[2026-04-04T07:53:56.450+0000] {processor.py:830} INFO - Processing file /opt/airflow/dags/download_rocket_launches.py for tasks to queue
[2026-04-04T07:53:56.451+0000] {logging_mixin.py:188} INFO - [2026-04-04T07:53:56.451+0000] {dagbag.py:538} INFO - Filling up the DagBag from /opt/airflow/dags/download_rocket_launches.py
[2026-04-04T07:53:56.466+0000] {processor.py:840} INFO - DAG(s) 'download_rocket_launch' retrieved from /opt/airflow/dags/download_rocket_launches.py
[2026-04-04T07:53:56.491+0000] {logging_mixin.py:188} INFO - [2026-04-04T07:53:56.491+0000] {dag.py:3036} INFO - Sync 1 DAGs
[2026-04-04T07:53:56.510+0000] {logging_mixin.py:188} INFO - [2026-04-04T07:53:56.509+0000] {dag.py:3823} INFO - Setting next_dagrun for download_rocket_launch to 2026-04-03 00:00:00+00:00, run_after=2026-04-04 00:00:00+00:00
[2026-04-04T07:53:56.524+0000] {processor.py:183} INFO - Processing /opt/airflow/dags/download_rocket_launches.py took 0.077 seconds
[2026-04-04T07:54:26.800+0000] {processor.py:161} INFO - Started process (PID=1027) to work on /opt/airflow/dags/download_rocket_launches.py
[2026-04-04T07:54:26.801+0000] {processor.py:830} INFO - Processing file /opt/airflow/dags/download_rocket_launches.py for tasks to queue
[2026-04-04T07:54:26.802+0000] {logging_mixin.py:188} INFO - [2026-04-04T07:54:26.802+0000] {dagbag.py:538} INFO - Filling up the DagBag from /opt/airflow/dags/download_rocket_launches.py
[2026-04-04T07:54:26.821+0000] {processor.py:840} INFO - DAG(s) 'download_rocket_launch' retrieved from /opt/airflow/dags/download_rocket_launches.py
[2026-04-04T07:54:26.846+0000] {logging_mixin.py:188} INFO - [2026-04-04T07:54:26.846+0000] {dag.py:3036} INFO - Sync 1 DAGs
[2026-04-04T07:54:26.864+0000] {logging_mixin.py:188} INFO - [2026-04-04T07:54:26.864+0000] {dag.py:3823} INFO - Setting next_dagrun for download_rocket_launch to 2026-04-03 00:00:00+00:00, run_after=2026-04-04 00:00:00+00:00
[2026-04-04T07:54:26.879+0000] {processor.py:183} INFO - Processing /opt/airflow/dags/download_rocket_launches.py took 0.083 seconds
[2026-04-04T07:54:57.229+0000] {processor.py:161} INFO - Started process (PID=1056) to work on /opt/airflow/dags/download_rocket_launches.py
[2026-04-04T07:54:57.230+0000] {processor.py:830} INFO - Processing file /opt/airflow/dags/download_rocket_launches.py for tasks to queue
[2026-04-04T07:54:57.231+0000] {logging_mixin.py:188} INFO - [2026-04-04T07:54:57.231+0000] {dagbag.py:538} INFO - Filling up the DagBag from /opt/airflow/dags/download_rocket_launches.py
[2026-04-04T07:54:57.250+0000] {processor.py:840} INFO - DAG(s) 'download_rocket_launch' retrieved from /opt/airflow/dags/download_rocket_launches.py
[2026-04-04T07:54:57.275+0000] {logging_mixin.py:188} INFO - [2026-04-04T07:54:57.275+0000] {dag.py:3036} INFO - Sync 1 DAGs
[2026-04-04T07:54:57.293+0000] {logging_mixin.py:188} INFO - [2026-04-04T07:54:57.293+0000] {dag.py:3823} INFO - Setting next_dagrun for download_rocket_launch to 2026-04-03 00:00:00+00:00, run_after=2026-04-04 00:00:00+00:00
[2026-04-04T07:54:57.309+0000] {processor.py:183} INFO - Processing /opt/airflow/dags/download_rocket_launches.py took 0.083 seconds
[2026-04-04T07:55:27.565+0000] {processor.py:161} INFO - Started process (PID=1066) to work on /opt/airflow/dags/download_rocket_launches.py
[2026-04-04T07:55:27.566+0000] {processor.py:830} INFO - Processing file /opt/airflow/dags/download_rocket_launches.py for tasks to queue
[2026-04-04T07:55:27.566+0000] {logging_mixin.py:188} INFO - [2026-04-04T07:55:27.566+0000] {dagbag.py:538} INFO - Filling up the DagBag from /opt/airflow/dags/download_rocket_launches.py
[2026-04-04T07:55:27.586+0000] {processor.py:840} INFO - DAG(s) 'download_rocket_launch' retrieved from /opt/airflow/dags/download_rocket_launches.py
[2026-04-04T07:55:27.608+0000] {logging_mixin.py:188} INFO - [2026-04-04T07:55:27.608+0000] {dag.py:3036} INFO - Sync 1 DAGs
[2026-04-04T07:55:27.626+0000] {logging_mixin.py:188} INFO - [2026-04-04T07:55:27.625+0000] {dag.py:3823} INFO - Setting next_dagrun for download_rocket_launch to 2026-04-03 00:00:00+00:00, run_after=2026-04-04 00:00:00+00:00
[2026-04-04T07:55:27.643+0000] {processor.py:183} INFO - Processing /opt/airflow/dags/download_rocket_launches.py took 0.081 seconds
[2026-04-04T07:55:58.052+0000] {processor.py:161} INFO - Started process (PID=1076) to work on /opt/airflow/dags/download_rocket_launches.py
[2026-04-04T07:55:58.056+0000] {processor.py:830} INFO - Processing file /opt/airflow/dags/download_rocket_launches.py for tasks to queue
[2026-04-04T07:55:58.060+0000] {logging_mixin.py:188} INFO - [2026-04-04T07:55:58.058+0000] {dagbag.py:538} INFO - Filling up the DagBag from /opt/airflow/dags/download_rocket_launches.py
[2026-04-04T07:55:58.099+0000] {processor.py:840} INFO - DAG(s) 'download_rocket_launch' retrieved from /opt/airflow/dags/download_rocket_launches.py
[2026-04-04T07:55:58.124+0000] {logging_mixin.py:188} INFO - [2026-04-04T07:55:58.123+0000] {dag.py:3036} INFO - Sync 1 DAGs
[2026-04-04T07:55:58.140+0000] {logging_mixin.py:188} INFO - [2026-04-04T07:55:58.140+0000] {dag.py:3823} INFO - Setting next_dagrun for download_rocket_launch to 2026-04-03 00:00:00+00:00, run_after=2026-04-04 00:00:00+00:00
[2026-04-04T07:55:58.156+0000] {processor.py:183} INFO - Processing /opt/airflow/dags/download_rocket_launches.py took 0.109 seconds
[2026-04-04T07:56:28.545+0000] {processor.py:161} INFO - Started process (PID=1086) to work on /opt/airflow/dags/download_rocket_launches.py
[2026-04-04T07:56:28.546+0000] {processor.py:830} INFO - Processing file /opt/airflow/dags/download_rocket_launches.py for tasks to queue
[2026-04-04T07:56:28.546+0000] {logging_mixin.py:188} INFO - [2026-04-04T07:56:28.546+0000] {dagbag.py:538} INFO - Filling up the DagBag from /opt/airflow/dags/download_rocket_launches.py
[2026-04-04T07:56:28.565+0000] {processor.py:840} INFO - DAG(s) 'download_rocket_launch' retrieved from /opt/airflow/dags/download_rocket_launches.py
[2026-04-04T07:56:28.586+0000] {logging_mixin.py:188} INFO - [2026-04-04T07:56:28.585+0000] {dag.py:3036} INFO - Sync 1 DAGs
[2026-04-04T07:56:28.603+0000] {logging_mixin.py:188} INFO - [2026-04-04T07:56:28.602+0000] {dag.py:3823} INFO - Setting next_dagrun for download_rocket_launch to 2026-04-03 00:00:00+00:00, run_after=2026-04-04 00:00:00+00:00
[2026-04-04T07:56:28.622+0000] {processor.py:183} INFO - Processing /opt/airflow/dags/download_rocket_launches.py took 0.080 seconds
[2026-04-04T07:56:58.959+0000] {processor.py:161} INFO - Started process (PID=1096) to work on /opt/airflow/dags/download_rocket_launches.py
[2026-04-04T07:56:58.960+0000] {processor.py:830} INFO - Processing file /opt/airflow/dags/download_rocket_launches.py for tasks to queue
[2026-04-04T07:56:58.961+0000] {logging_mixin.py:188} INFO - [2026-04-04T07:56:58.961+0000] {dagbag.py:538} INFO - Filling up the DagBag from /opt/airflow/dags/download_rocket_launches.py
[2026-04-04T07:56:58.979+0000] {processor.py:840} INFO - DAG(s) 'download_rocket_launch' retrieved from /opt/airflow/dags/download_rocket_launches.py
[2026-04-04T07:56:59.002+0000] {logging_mixin.py:188} INFO - [2026-04-04T07:56:59.001+0000] {dag.py:3036} INFO - Sync 1 DAGs
[2026-04-04T07:56:59.020+0000] {logging_mixin.py:188} INFO - [2026-04-04T07:56:59.019+0000] {dag.py:3823} INFO - Setting next_dagrun for download_rocket_launch to 2026-04-03 00:00:00+00:00, run_after=2026-04-04 00:00:00+00:00
[2026-04-04T07:56:59.034+0000] {processor.py:183} INFO - Processing /opt/airflow/dags/download_rocket_launches.py took 0.076 seconds
[2026-04-04T07:57:29.402+0000] {processor.py:161} INFO - Started process (PID=1111) to work on /opt/airflow/dags/download_rocket_launches.py
[2026-04-04T07:57:29.403+0000] {processor.py:830} INFO - Processing file /opt/airflow/dags/download_rocket_launches.py for tasks to queue
[2026-04-04T07:57:29.404+0000] {logging_mixin.py:188} INFO - [2026-04-04T07:57:29.404+0000] {dagbag.py:538} INFO - Filling up the DagBag from /opt/airflow/dags/download_rocket_launches.py
[2026-04-04T07:57:29.421+0000] {processor.py:840} INFO - DAG(s) 'download_rocket_launch' retrieved from /opt/airflow/dags/download_rocket_launches.py
[2026-04-04T07:57:29.441+0000] {logging_mixin.py:188} INFO - [2026-04-04T07:57:29.441+0000] {dag.py:3036} INFO - Sync 1 DAGs
[2026-04-04T07:57:29.458+0000] {logging_mixin.py:188} INFO - [2026-04-04T07:57:29.457+0000] {dag.py:3823} INFO - Setting next_dagrun for download_rocket_launch to 2026-04-03 00:00:00+00:00, run_after=2026-04-04 00:00:00+00:00
[2026-04-04T07:57:29.471+0000] {processor.py:183} INFO - Processing /opt/airflow/dags/download_rocket_launches.py took 0.072 seconds
[2026-04-04T07:57:59.769+0000] {processor.py:161} INFO - Started process (PID=1126) to work on /opt/airflow/dags/download_rocket_launches.py
[2026-04-04T07:57:59.770+0000] {processor.py:830} INFO - Processing file /opt/airflow/dags/download_rocket_launches.py for tasks to queue
[2026-04-04T07:57:59.771+0000] {logging_mixin.py:188} INFO - [2026-04-04T07:57:59.770+0000] {dagbag.py:538} INFO - Filling up the DagBag from /opt/airflow/dags/download_rocket_launches.py
[2026-04-04T07:57:59.791+0000] {processor.py:840} INFO - DAG(s) 'download_rocket_launch' retrieved from /opt/airflow/dags/download_rocket_launches.py
[2026-04-04T07:57:59.814+0000] {logging_mixin.py:188} INFO - [2026-04-04T07:57:59.814+0000] {dag.py:3036} INFO - Sync 1 DAGs
[2026-04-04T07:57:59.832+0000] {logging_mixin.py:188} INFO - [2026-04-04T07:57:59.832+0000] {dag.py:3823} INFO - Setting next_dagrun for download_rocket_launch to 2026-04-03 00:00:00+00:00, run_after=2026-04-04 00:00:00+00:00
[2026-04-04T07:57:59.846+0000] {processor.py:183} INFO - Processing /opt/airflow/dags/download_rocket_launches.py took 0.080 seconds
[2026-04-04T07:58:30.263+0000] {processor.py:161} INFO - Started process (PID=1141) to work on /opt/airflow/dags/download_rocket_launches.py
[2026-04-04T07:58:30.264+0000] {processor.py:830} INFO - Processing file /opt/airflow/dags/download_rocket_launches.py for tasks to queue
[2026-04-04T07:58:30.265+0000] {logging_mixin.py:188} INFO - [2026-04-04T07:58:30.264+0000] {dagbag.py:538} INFO - Filling up the DagBag from /opt/airflow/dags/download_rocket_launches.py
[2026-04-04T07:58:30.283+0000] {processor.py:840} INFO - DAG(s) 'download_rocket_launch' retrieved from /opt/airflow/dags/download_rocket_launches.py
[2026-04-04T07:58:30.304+0000] {logging_mixin.py:188} INFO - [2026-04-04T07:58:30.304+0000] {dag.py:3036} INFO - Sync 1 DAGs
[2026-04-04T07:58:30.320+0000] {logging_mixin.py:188} INFO - [2026-04-04T07:58:30.320+0000] {dag.py:3823} INFO - Setting next_dagrun for download_rocket_launch to 2026-04-03 00:00:00+00:00, run_after=2026-04-04 00:00:00+00:00
[2026-04-04T07:58:30.334+0000] {processor.py:183} INFO - Processing /opt/airflow/dags/download_rocket_launches.py took 0.074 seconds
[2026-04-04T07:59:00.670+0000] {processor.py:161} INFO - Started process (PID=1156) to work on /opt/airflow/dags/download_rocket_launches.py
[2026-04-04T07:59:00.671+0000] {processor.py:830} INFO - Processing file /opt/airflow/dags/download_rocket_launches.py for tasks to queue
[2026-04-04T07:59:00.672+0000] {logging_mixin.py:188} INFO - [2026-04-04T07:59:00.672+0000] {dagbag.py:538} INFO - Filling up the DagBag from /opt/airflow/dags/download_rocket_launches.py
[2026-04-04T07:59:00.690+0000] {processor.py:840} INFO - DAG(s) 'download_rocket_launch' retrieved from /opt/airflow/dags/download_rocket_launches.py
[2026-04-04T07:59:00.714+0000] {logging_mixin.py:188} INFO - [2026-04-04T07:59:00.713+0000] {dag.py:3036} INFO - Sync 1 DAGs
[2026-04-04T07:59:00.730+0000] {logging_mixin.py:188} INFO - [2026-04-04T07:59:00.730+0000] {dag.py:3823} INFO - Setting next_dagrun for download_rocket_launch to 2026-04-03 00:00:00+00:00, run_after=2026-04-04 00:00:00+00:00
[2026-04-04T07:59:00.745+0000] {processor.py:183} INFO - Processing /opt/airflow/dags/download_rocket_launches.py took 0.078 seconds
[2026-04-04T07:59:31.233+0000] {processor.py:161} INFO - Started process (PID=1171) to work on /opt/airflow/dags/download_rocket_launches.py
[2026-04-04T07:59:31.235+0000] {processor.py:830} INFO - Processing file /opt/airflow/dags/download_rocket_launches.py for tasks to queue
[2026-04-04T07:59:31.236+0000] {logging_mixin.py:188} INFO - [2026-04-04T07:59:31.236+0000] {dagbag.py:538} INFO - Filling up the DagBag from /opt/airflow/dags/download_rocket_launches.py
[2026-04-04T07:59:31.262+0000] {processor.py:840} INFO - DAG(s) 'download_rocket_launch' retrieved from /opt/airflow/dags/download_rocket_launches.py
[2026-04-04T07:59:31.291+0000] {logging_mixin.py:188} INFO - [2026-04-04T07:59:31.291+0000] {dag.py:3036} INFO - Sync 1 DAGs
[2026-04-04T07:59:31.316+0000] {logging_mixin.py:188} INFO - [2026-04-04T07:59:31.316+0000] {dag.py:3823} INFO - Setting next_dagrun for download_rocket_launch to 2026-04-03 00:00:00+00:00, run_after=2026-04-04 00:00:00+00:00
[2026-04-04T07:59:31.330+0000] {processor.py:183} INFO - Processing /opt/airflow/dags/download_rocket_launches.py took 0.100 seconds
[2026-04-04T07:59:32.254+0000] {processor.py:161} INFO - Started process (PID=1176) to work on /opt/airflow/dags/download_rocket_launches.py
[2026-04-04T07:59:32.255+0000] {processor.py:830} INFO - Processing file /opt/airflow/dags/download_rocket_launches.py for tasks to queue
[2026-04-04T07:59:32.256+0000] {logging_mixin.py:188} INFO - [2026-04-04T07:59:32.256+0000] {dagbag.py:538} INFO - Filling up the DagBag from /opt/airflow/dags/download_rocket_launches.py
[2026-04-04T07:59:32.294+0000] {processor.py:840} INFO - DAG(s) 'download_rocket_launch' retrieved from /opt/airflow/dags/download_rocket_launches.py
[2026-04-04T07:59:32.377+0000] {logging_mixin.py:188} INFO - [2026-04-04T07:59:32.376+0000] {dag.py:3036} INFO - Sync 1 DAGs
[2026-04-04T07:59:32.391+0000] {logging_mixin.py:188} INFO - [2026-04-04T07:59:32.390+0000] {dag.py:3823} INFO - Setting next_dagrun for download_rocket_launch to 2026-04-03 00:00:00+00:00, run_after=2026-04-04 00:00:00+00:00
[2026-04-04T07:59:32.410+0000] {processor.py:183} INFO - Processing /opt/airflow/dags/download_rocket_launches.py took 0.159 seconds
[2026-04-04T08:00:02.681+0000] {processor.py:161} INFO - Started process (PID=1196) to work on /opt/airflow/dags/download_rocket_launches.py
[2026-04-04T08:00:02.682+0000] {processor.py:830} INFO - Processing file /opt/airflow/dags/download_rocket_launches.py for tasks to queue
[2026-04-04T08:00:02.683+0000] {logging_mixin.py:188} INFO - [2026-04-04T08:00:02.682+0000] {dagbag.py:538} INFO - Filling up the DagBag from /opt/airflow/dags/download_rocket_launches.py
[2026-04-04T08:00:02.699+0000] {processor.py:840} INFO - DAG(s) 'download_rocket_launch' retrieved from /opt/airflow/dags/download_rocket_launches.py
[2026-04-04T08:00:02.724+0000] {logging_mixin.py:188} INFO - [2026-04-04T08:00:02.723+0000] {dag.py:3036} INFO - Sync 1 DAGs
[2026-04-04T08:00:02.740+0000] {logging_mixin.py:188} INFO - [2026-04-04T08:00:02.740+0000] {dag.py:3823} INFO - Setting next_dagrun for download_rocket_launch to 2026-04-03 00:00:00+00:00, run_after=2026-04-04 00:00:00+00:00
[2026-04-04T08:00:02.762+0000] {processor.py:183} INFO - Processing /opt/airflow/dags/download_rocket_launches.py took 0.084 seconds
[2026-04-04T08:00:33.048+0000] {processor.py:161} INFO - Started process (PID=1215) to work on /opt/airflow/dags/download_rocket_launches.py
[2026-04-04T08:00:33.049+0000] {processor.py:830} INFO - Processing file /opt/airflow/dags/download_rocket_launches.py for tasks to queue
[2026-04-04T08:00:33.050+0000] {logging_mixin.py:188} INFO - [2026-04-04T08:00:33.049+0000] {dagbag.py:538} INFO - Filling up the DagBag from /opt/airflow/dags/download_rocket_launches.py
[2026-04-04T08:00:33.069+0000] {processor.py:840} INFO - DAG(s) 'download_rocket_launch' retrieved from /opt/airflow/dags/download_rocket_launches.py
[2026-04-04T08:00:33.094+0000] {logging_mixin.py:188} INFO - [2026-04-04T08:00:33.093+0000] {dag.py:3036} INFO - Sync 1 DAGs
[2026-04-04T08:00:33.112+0000] {logging_mixin.py:188} INFO - [2026-04-04T08:00:33.112+0000] {dag.py:3823} INFO - Setting next_dagrun for download_rocket_launch to 2026-04-03 00:00:00+00:00, run_after=2026-04-04 00:00:00+00:00
[2026-04-04T08:00:33.129+0000] {processor.py:183} INFO - Processing /opt/airflow/dags/download_rocket_launches.py took 0.085 seconds
[2026-04-04T08:01:03.513+0000] {processor.py:161} INFO - Started process (PID=1225) to work on /opt/airflow/dags/download_rocket_launches.py
[2026-04-04T08:01:03.515+0000] {processor.py:830} INFO - Processing file /opt/airflow/dags/download_rocket_launches.py for tasks to queue
[2026-04-04T08:01:03.516+0000] {logging_mixin.py:188} INFO - [2026-04-04T08:01:03.516+0000] {dagbag.py:538} INFO - Filling up the DagBag from /opt/airflow/dags/download_rocket_launches.py
[2026-04-04T08:01:03.541+0000] {processor.py:840} INFO - DAG(s) 'download_rocket_launch' retrieved from /opt/airflow/dags/download_rocket_launches.py
[2026-04-04T08:01:03.571+0000] {logging_mixin.py:188} INFO - [2026-04-04T08:01:03.570+0000] {dag.py:3036} INFO - Sync 1 DAGs
[2026-04-04T08:01:03.598+0000] {logging_mixin.py:188} INFO - [2026-04-04T08:01:03.598+0000] {dag.py:3823} INFO - Setting next_dagrun for download_rocket_launch to 2026-04-03 00:00:00+00:00, run_after=2026-04-04 00:00:00+00:00
[2026-04-04T08:01:03.622+0000] {processor.py:183} INFO - Processing /opt/airflow/dags/download_rocket_launches.py took 0.113 seconds
[2026-04-04T08:01:33.958+0000] {processor.py:161} INFO - Started process (PID=1235) to work on /opt/airflow/dags/download_rocket_launches.py
[2026-04-04T08:01:33.959+0000] {processor.py:830} INFO - Processing file /opt/airflow/dags/download_rocket_launches.py for tasks to queue
[2026-04-04T08:01:33.960+0000] {logging_mixin.py:188} INFO - [2026-04-04T08:01:33.960+0000] {dagbag.py:538} INFO - Filling up the DagBag from /opt/airflow/dags/download_rocket_launches.py
[2026-04-04T08:01:33.974+0000] {processor.py:840} INFO - DAG(s) 'download_rocket_launch' retrieved from /opt/airflow/dags/download_rocket_launches.py
[2026-04-04T08:01:33.998+0000] {logging_mixin.py:188} INFO - [2026-04-04T08:01:33.997+0000] {dag.py:3036} INFO - Sync 1 DAGs
[2026-04-04T08:01:34.014+0000] {logging_mixin.py:188} INFO - [2026-04-04T08:01:34.014+0000] {dag.py:3823} INFO - Setting next_dagrun for download_rocket_launch to 2026-04-03 00:00:00+00:00, run_after=2026-04-04 00:00:00+00:00
[2026-04-04T08:01:34.028+0000] {processor.py:183} INFO - Processing /opt/airflow/dags/download_rocket_launches.py took 0.074 seconds
[2026-04-04T08:02:04.375+0000] {processor.py:161} INFO - Started process (PID=1245) to work on /opt/airflow/dags/download_rocket_launches.py
[2026-04-04T08:02:04.375+0000] {processor.py:830} INFO - Processing file /opt/airflow/dags/download_rocket_launches.py for tasks to queue
[2026-04-04T08:02:04.376+0000] {logging_mixin.py:188} INFO - [2026-04-04T08:02:04.376+0000] {dagbag.py:538} INFO - Filling up the DagBag from /opt/airflow/dags/download_rocket_launches.py
[2026-04-04T08:02:04.394+0000] {processor.py:840} INFO - DAG(s) 'download_rocket_launch' retrieved from /opt/airflow/dags/download_rocket_launches.py
[2026-04-04T08:02:04.417+0000] {logging_mixin.py:188} INFO - [2026-04-04T08:02:04.417+0000] {dag.py:3036} INFO - Sync 1 DAGs
[2026-04-04T08:02:04.435+0000] {logging_mixin.py:188} INFO - [2026-04-04T08:02:04.435+0000] {dag.py:3823} INFO - Setting next_dagrun for download_rocket_launch to 2026-04-03 00:00:00+00:00, run_after=2026-04-04 00:00:00+00:00
[2026-04-04T08:02:04.449+0000] {processor.py:183} INFO - Processing /opt/airflow/dags/download_rocket_launches.py took 0.077 seconds
[2026-04-04T08:02:34.777+0000] {processor.py:161} INFO - Started process (PID=1255) to work on /opt/airflow/dags/download_rocket_launches.py
[2026-04-04T08:02:34.778+0000] {processor.py:830} INFO - Processing file /opt/airflow/dags/download_rocket_launches.py for tasks to queue
[2026-04-04T08:02:34.779+0000] {logging_mixin.py:188} INFO - [2026-04-04T08:02:34.778+0000] {dagbag.py:538} INFO - Filling up the DagBag from /opt/airflow/dags/download_rocket_launches.py
[2026-04-04T08:02:34.800+0000] {processor.py:840} INFO - DAG(s) 'download_rocket_launch' retrieved from /opt/airflow/dags/download_rocket_launches.py
[2026-04-04T08:02:34.820+0000] {logging_mixin.py:188} INFO - [2026-04-04T08:02:34.820+0000] {dag.py:3036} INFO - Sync 1 DAGs
[2026-04-04T08:02:34.835+0000] {logging_mixin.py:188} INFO - [2026-04-04T08:02:34.835+0000] {dag.py:3823} INFO - Setting next_dagrun for download_rocket_launch to 2026-04-03 00:00:00+00:00, run_after=2026-04-04 00:00:00+00:00
[2026-04-04T08:02:34.848+0000] {processor.py:183} INFO - Processing /opt/airflow/dags/download_rocket_launches.py took 0.074 seconds
[2026-04-04T08:03:05.181+0000] {processor.py:161} INFO - Started process (PID=1265) to work on /opt/airflow/dags/download_rocket_launches.py
[2026-04-04T08:03:05.182+0000] {processor.py:830} INFO - Processing file /opt/airflow/dags/download_rocket_launches.py for tasks to queue
[2026-04-04T08:03:05.183+0000] {logging_mixin.py:188} INFO - [2026-04-04T08:03:05.183+0000] {dagbag.py:538} INFO - Filling up the DagBag from /opt/airflow/dags/download_rocket_launches.py
[2026-04-04T08:03:05.202+0000] {processor.py:840} INFO - DAG(s) 'download_rocket_launch' retrieved from /opt/airflow/dags/download_rocket_launches.py
[2026-04-04T08:03:05.224+0000] {logging_mixin.py:188} INFO - [2026-04-04T08:03:05.224+0000] {dag.py:3036} INFO - Sync 1 DAGs
[2026-04-04T08:03:05.240+0000] {logging_mixin.py:188} INFO - [2026-04-04T08:03:05.239+0000] {dag.py:3823} INFO - Setting next_dagrun for download_rocket_launch to 2026-04-03 00:00:00+00:00, run_after=2026-04-04 00:00:00+00:00
[2026-04-04T08:03:05.253+0000] {processor.py:183} INFO - Processing /opt/airflow/dags/download_rocket_launches.py took 0.075 seconds
[2026-04-04T08:03:35.675+0000] {processor.py:161} INFO - Started process (PID=1280) to work on /opt/airflow/dags/download_rocket_launches.py
[2026-04-04T08:03:35.676+0000] {processor.py:830} INFO - Processing file /opt/airflow/dags/download_rocket_launches.py for tasks to queue
[2026-04-04T08:03:35.677+0000] {logging_mixin.py:188} INFO - [2026-04-04T08:03:35.677+0000] {dagbag.py:538} INFO - Filling up the DagBag from /opt/airflow/dags/download_rocket_launches.py
[2026-04-04T08:03:35.694+0000] {processor.py:840} INFO - DAG(s) 'download_rocket_launch' retrieved from /opt/airflow/dags/download_rocket_launches.py
[2026-04-04T08:03:35.720+0000] {logging_mixin.py:188} INFO - [2026-04-04T08:03:35.719+0000] {dag.py:3036} INFO - Sync 1 DAGs
[2026-04-04T08:03:35.739+0000] {logging_mixin.py:188} INFO - [2026-04-04T08:03:35.739+0000] {dag.py:3823} INFO - Setting next_dagrun for download_rocket_launch to 2026-04-03 00:00:00+00:00, run_after=2026-04-04 00:00:00+00:00
[2026-04-04T08:03:35.755+0000] {processor.py:183} INFO - Processing /opt/airflow/dags/download_rocket_launches.py took 0.083 seconds
[2026-04-04T08:04:06.051+0000] {processor.py:161} INFO - Started process (PID=1290) to work on /opt/airflow/dags/download_rocket_launches.py
[2026-04-04T08:04:06.052+0000] {processor.py:830} INFO - Processing file /opt/airflow/dags/download_rocket_launches.py for tasks to queue
[2026-04-04T08:04:06.053+0000] {logging_mixin.py:188} INFO - [2026-04-04T08:04:06.053+0000] {dagbag.py:538} INFO - Filling up the DagBag from /opt/airflow/dags/download_rocket_launches.py
[2026-04-04T08:04:06.071+0000] {processor.py:840} INFO - DAG(s) 'download_rocket_launch' retrieved from /opt/airflow/dags/download_rocket_launches.py
[2026-04-04T08:04:06.092+0000] {logging_mixin.py:188} INFO - [2026-04-04T08:04:06.092+0000] {dag.py:3036} INFO - Sync 1 DAGs
[2026-04-04T08:04:06.108+0000] {logging_mixin.py:188} INFO - [2026-04-04T08:04:06.108+0000] {dag.py:3823} INFO - Setting next_dagrun for download_rocket_launch to 2026-04-03 00:00:00+00:00, run_after=2026-04-04 00:00:00+00:00
[2026-04-04T08:04:06.121+0000] {processor.py:183} INFO - Processing /opt/airflow/dags/download_rocket_launches.py took 0.072 seconds
[2026-04-04T08:04:36.581+0000] {processor.py:161} INFO - Started process (PID=1300) to work on /opt/airflow/dags/download_rocket_launches.py
[2026-04-04T08:04:36.582+0000] {processor.py:830} INFO - Processing file /opt/airflow/dags/download_rocket_launches.py for tasks to queue
[2026-04-04T08:04:36.583+0000] {logging_mixin.py:188} INFO - [2026-04-04T08:04:36.583+0000] {dagbag.py:538} INFO - Filling up the DagBag from /opt/airflow/dags/download_rocket_launches.py
[2026-04-04T08:04:36.599+0000] {processor.py:840} INFO - DAG(s) 'download_rocket_launch' retrieved from /opt/airflow/dags/download_rocket_launches.py
[2026-04-04T08:04:36.626+0000] {logging_mixin.py:188} INFO - [2026-04-04T08:04:36.626+0000] {dag.py:3036} INFO - Sync 1 DAGs
[2026-04-04T08:04:36.642+0000] {logging_mixin.py:188} INFO - [2026-04-04T08:04:36.641+0000] {dag.py:3823} INFO - Setting next_dagrun for download_rocket_launch to 2026-04-03 00:00:00+00:00, run_after=2026-04-04 00:00:00+00:00
[2026-04-04T08:04:36.655+0000] {processor.py:183} INFO - Processing /opt/airflow/dags/download_rocket_launches.py took 0.077 seconds
[2026-04-04T08:05:06.958+0000] {processor.py:161} INFO - Started process (PID=1315) to work on /opt/airflow/dags/download_rocket_launches.py
[2026-04-04T08:05:06.959+0000] {processor.py:830} INFO - Processing file /opt/airflow/dags/download_rocket_launches.py for tasks to queue
[2026-04-04T08:05:06.960+0000] {logging_mixin.py:188} INFO - [2026-04-04T08:05:06.959+0000] {dagbag.py:538} INFO - Filling up the DagBag from /opt/airflow/dags/download_rocket_launches.py
[2026-04-04T08:05:06.991+0000] {processor.py:840} INFO - DAG(s) 'download_rocket_launch' retrieved from /opt/airflow/dags/download_rocket_launches.py
[2026-04-04T08:05:07.027+0000] {logging_mixin.py:188} INFO - [2026-04-04T08:05:07.027+0000] {dag.py:3036} INFO - Sync 1 DAGs
[2026-04-04T08:05:07.048+0000] {logging_mixin.py:188} INFO - [2026-04-04T08:05:07.047+0000] {dag.py:3823} INFO - Setting next_dagrun for download_rocket_launch to 2026-04-03 00:00:00+00:00, run_after=2026-04-04 00:00:00+00:00
[2026-04-04T08:05:07.063+0000] {processor.py:183} INFO - Processing /opt/airflow/dags/download_rocket_launches.py took 0.109 seconds
[2026-04-04T08:05:37.315+0000] {processor.py:161} INFO - Started process (PID=1325) to work on /opt/airflow/dags/download_rocket_launches.py
[2026-04-04T08:05:37.316+0000] {processor.py:830} INFO - Processing file /opt/airflow/dags/download_rocket_launches.py for tasks to queue
[2026-04-04T08:05:37.317+0000] {logging_mixin.py:188} INFO - [2026-04-04T08:05:37.317+0000] {dagbag.py:538} INFO - Filling up the DagBag from /opt/airflow/dags/download_rocket_launches.py
[2026-04-04T08:05:37.338+0000] {processor.py:840} INFO - DAG(s) 'download_rocket_launch' retrieved from /opt/airflow/dags/download_rocket_launches.py
[2026-04-04T08:05:37.361+0000] {logging_mixin.py:188} INFO - [2026-04-04T08:05:37.360+0000] {dag.py:3036} INFO - Sync 1 DAGs
[2026-04-04T08:05:37.379+0000] {logging_mixin.py:188} INFO - [2026-04-04T08:05:37.379+0000] {dag.py:3823} INFO - Setting next_dagrun for download_rocket_launch to 2026-04-03 00:00:00+00:00, run_after=2026-04-04 00:00:00+00:00
[2026-04-04T08:05:37.398+0000] {processor.py:183} INFO - Processing /opt/airflow/dags/download_rocket_launches.py took 0.086 seconds
[2026-04-04T08:06:07.676+0000] {processor.py:161} INFO - Started process (PID=1335) to work on /opt/airflow/dags/download_rocket_launches.py
[2026-04-04T08:06:07.677+0000] {processor.py:830} INFO - Processing file /opt/airflow/dags/download_rocket_launches.py for tasks to queue
[2026-04-04T08:06:07.680+0000] {logging_mixin.py:188} INFO - [2026-04-04T08:06:07.679+0000] {dagbag.py:538} INFO - Filling up the DagBag from /opt/airflow/dags/download_rocket_launches.py
[2026-04-04T08:06:07.698+0000] {processor.py:840} INFO - DAG(s) 'download_rocket_launch' retrieved from /opt/airflow/dags/download_rocket_launches.py
[2026-04-04T08:06:07.723+0000] {logging_mixin.py:188} INFO - [2026-04-04T08:06:07.722+0000] {dag.py:3036} INFO - Sync 1 DAGs
[2026-04-04T08:06:07.740+0000] {logging_mixin.py:188} INFO - [2026-04-04T08:06:07.740+0000] {dag.py:3823} INFO - Setting next_dagrun for download_rocket_launch to 2026-04-03 00:00:00+00:00, run_after=2026-04-04 00:00:00+00:00
[2026-04-04T08:06:07.756+0000] {processor.py:183} INFO - Processing /opt/airflow/dags/download_rocket_launches.py took 0.083 seconds
[2026-04-04T08:06:37.932+0000] {processor.py:161} INFO - Started process (PID=1345) to work on /opt/airflow/dags/download_rocket_launches.py
[2026-04-04T08:06:37.933+0000] {processor.py:830} INFO - Processing file /opt/airflow/dags/download_rocket_launches.py for tasks to queue
[2026-04-04T08:06:37.934+0000] {logging_mixin.py:188} INFO - [2026-04-04T08:06:37.934+0000] {dagbag.py:538} INFO - Filling up the DagBag from /opt/airflow/dags/download_rocket_launches.py
[2026-04-04T08:06:37.947+0000] {processor.py:840} INFO - DAG(s) 'download_rocket_launch' retrieved from /opt/airflow/dags/download_rocket_launches.py
[2026-04-04T08:06:37.974+0000] {logging_mixin.py:188} INFO - [2026-04-04T08:06:37.974+0000] {dag.py:3036} INFO - Sync 1 DAGs
[2026-04-04T08:06:37.992+0000] {logging_mixin.py:188} INFO - [2026-04-04T08:06:37.992+0000] {dag.py:3823} INFO - Setting next_dagrun for download_rocket_launch to 2026-04-03 00:00:00+00:00, run_after=2026-04-04 00:00:00+00:00
[2026-04-04T08:06:38.011+0000] {processor.py:183} INFO - Processing /opt/airflow/dags/download_rocket_launches.py took 0.081 seconds
[2026-04-04T08:07:08.203+0000] {processor.py:161} INFO - Started process (PID=1355) to work on /opt/airflow/dags/download_rocket_launches.py
[2026-04-04T08:07:08.204+0000] {processor.py:830} INFO - Processing file /opt/airflow/dags/download_rocket_launches.py for tasks to queue
[2026-04-04T08:07:08.205+0000] {logging_mixin.py:188} INFO - [2026-04-04T08:07:08.204+0000] {dagbag.py:538} INFO - Filling up the DagBag from /opt/airflow/dags/download_rocket_launches.py
[2026-04-04T08:07:08.221+0000] {processor.py:840} INFO - DAG(s) 'download_rocket_launch' retrieved from /opt/airflow/dags/download_rocket_launches.py
[2026-04-04T08:07:08.244+0000] {logging_mixin.py:188} INFO - [2026-04-04T08:07:08.244+0000] {dag.py:3036} INFO - Sync 1 DAGs
[2026-04-04T08:07:08.261+0000] {logging_mixin.py:188} INFO - [2026-04-04T08:07:08.261+0000] {dag.py:3823} INFO - Setting next_dagrun for download_rocket_launch to 2026-04-03 00:00:00+00:00, run_after=2026-04-04 00:00:00+00:00
[2026-04-04T08:07:08.275+0000] {processor.py:183} INFO - Processing /opt/airflow/dags/download_rocket_launches.py took 0.074 seconds
