[2026-04-04T07:19:18.733+0000] {processor.py:161} INFO - Started process (PID=157) to work on /opt/airflow/dags/listing_Variant14_Rocket.py
[2026-04-04T07:19:18.735+0000] {processor.py:830} INFO - Processing file /opt/airflow/dags/listing_Variant14_Rocket.py for tasks to queue
[2026-04-04T07:19:18.737+0000] {logging_mixin.py:188} INFO - [2026-04-04T07:19:18.736+0000] {dagbag.py:538} INFO - Filling up the DagBag from /opt/airflow/dags/listing_Variant14_Rocket.py
[2026-04-04T07:19:18.780+0000] {processor.py:840} INFO - DAG(s) 'download_rocket_launch_v14' retrieved from /opt/airflow/dags/listing_Variant14_Rocket.py
[2026-04-04T07:19:18.982+0000] {logging_mixin.py:188} INFO - [2026-04-04T07:19:18.981+0000] {override.py:1769} INFO - Created Permission View: can read on DAG:download_rocket_launch_v14
[2026-04-04T07:19:18.990+0000] {logging_mixin.py:188} INFO - [2026-04-04T07:19:18.990+0000] {override.py:1769} INFO - Created Permission View: can edit on DAG:download_rocket_launch_v14
[2026-04-04T07:19:18.996+0000] {logging_mixin.py:188} INFO - [2026-04-04T07:19:18.996+0000] {override.py:1769} INFO - Created Permission View: can delete on DAG:download_rocket_launch_v14
[2026-04-04T07:19:18.997+0000] {logging_mixin.py:188} INFO - [2026-04-04T07:19:18.997+0000] {dag.py:3036} INFO - Sync 1 DAGs
[2026-04-04T07:19:19.014+0000] {logging_mixin.py:188} INFO - [2026-04-04T07:19:19.013+0000] {dag.py:3058} INFO - Creating ORM DAG for download_rocket_launch_v14
[2026-04-04T07:19:19.034+0000] {logging_mixin.py:188} INFO - [2026-04-04T07:19:19.034+0000] {dag.py:3823} INFO - Setting next_dagrun for download_rocket_launch_v14 to 2026-04-03 00:00:00+00:00, run_after=2026-04-04 00:00:00+00:00
[2026-04-04T07:19:19.058+0000] {processor.py:183} INFO - Processing /opt/airflow/dags/listing_Variant14_Rocket.py took 0.329 seconds
[2026-04-04T07:19:49.525+0000] {processor.py:161} INFO - Started process (PID=167) to work on /opt/airflow/dags/listing_Variant14_Rocket.py
[2026-04-04T07:19:49.525+0000] {processor.py:830} INFO - Processing file /opt/airflow/dags/listing_Variant14_Rocket.py for tasks to queue
[2026-04-04T07:19:49.526+0000] {logging_mixin.py:188} INFO - [2026-04-04T07:19:49.526+0000] {dagbag.py:538} INFO - Filling up the DagBag from /opt/airflow/dags/listing_Variant14_Rocket.py
[2026-04-04T07:19:49.542+0000] {processor.py:840} INFO - DAG(s) 'download_rocket_launch_v14' retrieved from /opt/airflow/dags/listing_Variant14_Rocket.py
[2026-04-04T07:19:49.580+0000] {logging_mixin.py:188} INFO - [2026-04-04T07:19:49.579+0000] {dag.py:3036} INFO - Sync 1 DAGs
[2026-04-04T07:19:49.613+0000] {logging_mixin.py:188} INFO - [2026-04-04T07:19:49.612+0000] {dag.py:3823} INFO - Setting next_dagrun for download_rocket_launch_v14 to 2026-04-03 00:00:00+00:00, run_after=2026-04-04 00:00:00+00:00
[2026-04-04T07:19:49.633+0000] {processor.py:183} INFO - Processing /opt/airflow/dags/listing_Variant14_Rocket.py took 0.111 seconds
[2026-04-04T07:20:19.823+0000] {processor.py:161} INFO - Started process (PID=195) to work on /opt/airflow/dags/listing_Variant14_Rocket.py
[2026-04-04T07:20:19.824+0000] {processor.py:830} INFO - Processing file /opt/airflow/dags/listing_Variant14_Rocket.py for tasks to queue
[2026-04-04T07:20:19.825+0000] {logging_mixin.py:188} INFO - [2026-04-04T07:20:19.825+0000] {dagbag.py:538} INFO - Filling up the DagBag from /opt/airflow/dags/listing_Variant14_Rocket.py
[2026-04-04T07:20:19.845+0000] {processor.py:840} INFO - DAG(s) 'download_rocket_launch_v14' retrieved from /opt/airflow/dags/listing_Variant14_Rocket.py
[2026-04-04T07:20:19.869+0000] {logging_mixin.py:188} INFO - [2026-04-04T07:20:19.869+0000] {dag.py:3036} INFO - Sync 1 DAGs
[2026-04-04T07:20:19.887+0000] {logging_mixin.py:188} INFO - [2026-04-04T07:20:19.887+0000] {dag.py:3823} INFO - Setting next_dagrun for download_rocket_launch_v14 to 2026-04-04 00:00:00+00:00, run_after=2026-04-05 00:00:00+00:00
[2026-04-04T07:20:19.903+0000] {processor.py:183} INFO - Processing /opt/airflow/dags/listing_Variant14_Rocket.py took 0.083 seconds
[2026-04-04T07:20:50.098+0000] {processor.py:161} INFO - Started process (PID=215) to work on /opt/airflow/dags/listing_Variant14_Rocket.py
[2026-04-04T07:20:50.099+0000] {processor.py:830} INFO - Processing file /opt/airflow/dags/listing_Variant14_Rocket.py for tasks to queue
[2026-04-04T07:20:50.100+0000] {logging_mixin.py:188} INFO - [2026-04-04T07:20:50.100+0000] {dagbag.py:538} INFO - Filling up the DagBag from /opt/airflow/dags/listing_Variant14_Rocket.py
[2026-04-04T07:20:50.131+0000] {processor.py:840} INFO - DAG(s) 'download_rocket_launch_v14' retrieved from /opt/airflow/dags/listing_Variant14_Rocket.py
[2026-04-04T07:20:50.179+0000] {logging_mixin.py:188} INFO - [2026-04-04T07:20:50.178+0000] {dag.py:3036} INFO - Sync 1 DAGs
[2026-04-04T07:20:50.207+0000] {logging_mixin.py:188} INFO - [2026-04-04T07:20:50.206+0000] {dag.py:3823} INFO - Setting next_dagrun for download_rocket_launch_v14 to 2026-04-04 00:00:00+00:00, run_after=2026-04-05 00:00:00+00:00
[2026-04-04T07:20:50.235+0000] {processor.py:183} INFO - Processing /opt/airflow/dags/listing_Variant14_Rocket.py took 0.140 seconds
[2026-04-04T07:21:20.454+0000] {processor.py:161} INFO - Started process (PID=225) to work on /opt/airflow/dags/listing_Variant14_Rocket.py
[2026-04-04T07:21:20.456+0000] {processor.py:830} INFO - Processing file /opt/airflow/dags/listing_Variant14_Rocket.py for tasks to queue
[2026-04-04T07:21:20.458+0000] {logging_mixin.py:188} INFO - [2026-04-04T07:21:20.457+0000] {dagbag.py:538} INFO - Filling up the DagBag from /opt/airflow/dags/listing_Variant14_Rocket.py
[2026-04-04T07:21:20.484+0000] {processor.py:840} INFO - DAG(s) 'download_rocket_launch_v14' retrieved from /opt/airflow/dags/listing_Variant14_Rocket.py
[2026-04-04T07:21:20.515+0000] {logging_mixin.py:188} INFO - [2026-04-04T07:21:20.514+0000] {dag.py:3036} INFO - Sync 1 DAGs
[2026-04-04T07:21:20.573+0000] {logging_mixin.py:188} INFO - [2026-04-04T07:21:20.573+0000] {dag.py:3823} INFO - Setting next_dagrun for download_rocket_launch_v14 to 2026-04-04 00:00:00+00:00, run_after=2026-04-05 00:00:00+00:00
[2026-04-04T07:21:20.671+0000] {processor.py:183} INFO - Processing /opt/airflow/dags/listing_Variant14_Rocket.py took 0.220 seconds
[2026-04-04T07:21:50.852+0000] {processor.py:161} INFO - Started process (PID=245) to work on /opt/airflow/dags/listing_Variant14_Rocket.py
[2026-04-04T07:21:50.853+0000] {processor.py:830} INFO - Processing file /opt/airflow/dags/listing_Variant14_Rocket.py for tasks to queue
[2026-04-04T07:21:50.855+0000] {logging_mixin.py:188} INFO - [2026-04-04T07:21:50.855+0000] {dagbag.py:538} INFO - Filling up the DagBag from /opt/airflow/dags/listing_Variant14_Rocket.py
[2026-04-04T07:21:50.901+0000] {processor.py:840} INFO - DAG(s) 'download_rocket_launch_v14' retrieved from /opt/airflow/dags/listing_Variant14_Rocket.py
[2026-04-04T07:21:50.926+0000] {logging_mixin.py:188} INFO - [2026-04-04T07:21:50.926+0000] {dag.py:3036} INFO - Sync 1 DAGs
[2026-04-04T07:21:50.942+0000] {logging_mixin.py:188} INFO - [2026-04-04T07:21:50.942+0000] {dag.py:3823} INFO - Setting next_dagrun for download_rocket_launch_v14 to 2026-04-04 00:00:00+00:00, run_after=2026-04-05 00:00:00+00:00
[2026-04-04T07:21:50.958+0000] {processor.py:183} INFO - Processing /opt/airflow/dags/listing_Variant14_Rocket.py took 0.109 seconds
[2026-04-04T07:22:21.159+0000] {processor.py:161} INFO - Started process (PID=255) to work on /opt/airflow/dags/listing_Variant14_Rocket.py
[2026-04-04T07:22:21.160+0000] {processor.py:830} INFO - Processing file /opt/airflow/dags/listing_Variant14_Rocket.py for tasks to queue
[2026-04-04T07:22:21.161+0000] {logging_mixin.py:188} INFO - [2026-04-04T07:22:21.161+0000] {dagbag.py:538} INFO - Filling up the DagBag from /opt/airflow/dags/listing_Variant14_Rocket.py
[2026-04-04T07:22:21.180+0000] {processor.py:840} INFO - DAG(s) 'download_rocket_launch_v14' retrieved from /opt/airflow/dags/listing_Variant14_Rocket.py
[2026-04-04T07:22:21.205+0000] {logging_mixin.py:188} INFO - [2026-04-04T07:22:21.205+0000] {dag.py:3036} INFO - Sync 1 DAGs
[2026-04-04T07:22:21.222+0000] {logging_mixin.py:188} INFO - [2026-04-04T07:22:21.222+0000] {dag.py:3823} INFO - Setting next_dagrun for download_rocket_launch_v14 to 2026-04-04 00:00:00+00:00, run_after=2026-04-05 00:00:00+00:00
[2026-04-04T07:22:21.236+0000] {processor.py:183} INFO - Processing /opt/airflow/dags/listing_Variant14_Rocket.py took 0.081 seconds
[2026-04-04T07:22:51.554+0000] {processor.py:161} INFO - Started process (PID=265) to work on /opt/airflow/dags/listing_Variant14_Rocket.py
[2026-04-04T07:22:51.556+0000] {processor.py:830} INFO - Processing file /opt/airflow/dags/listing_Variant14_Rocket.py for tasks to queue
[2026-04-04T07:22:51.558+0000] {logging_mixin.py:188} INFO - [2026-04-04T07:22:51.558+0000] {dagbag.py:538} INFO - Filling up the DagBag from /opt/airflow/dags/listing_Variant14_Rocket.py
[2026-04-04T07:22:51.602+0000] {processor.py:840} INFO - DAG(s) 'download_rocket_launch_v14' retrieved from /opt/airflow/dags/listing_Variant14_Rocket.py
[2026-04-04T07:22:51.654+0000] {logging_mixin.py:188} INFO - [2026-04-04T07:22:51.654+0000] {dag.py:3036} INFO - Sync 1 DAGs
[2026-04-04T07:22:51.674+0000] {logging_mixin.py:188} INFO - [2026-04-04T07:22:51.673+0000] {dag.py:3823} INFO - Setting next_dagrun for download_rocket_launch_v14 to 2026-04-04 00:00:00+00:00, run_after=2026-04-05 00:00:00+00:00
[2026-04-04T07:22:51.692+0000] {processor.py:183} INFO - Processing /opt/airflow/dags/listing_Variant14_Rocket.py took 0.141 seconds
[2026-04-04T07:23:22.049+0000] {processor.py:161} INFO - Started process (PID=275) to work on /opt/airflow/dags/listing_Variant14_Rocket.py
[2026-04-04T07:23:22.051+0000] {processor.py:830} INFO - Processing file /opt/airflow/dags/listing_Variant14_Rocket.py for tasks to queue
[2026-04-04T07:23:22.052+0000] {logging_mixin.py:188} INFO - [2026-04-04T07:23:22.052+0000] {dagbag.py:538} INFO - Filling up the DagBag from /opt/airflow/dags/listing_Variant14_Rocket.py
[2026-04-04T07:23:22.073+0000] {processor.py:840} INFO - DAG(s) 'download_rocket_launch_v14' retrieved from /opt/airflow/dags/listing_Variant14_Rocket.py
[2026-04-04T07:23:22.105+0000] {logging_mixin.py:188} INFO - [2026-04-04T07:23:22.105+0000] {dag.py:3036} INFO - Sync 1 DAGs
[2026-04-04T07:23:22.124+0000] {logging_mixin.py:188} INFO - [2026-04-04T07:23:22.124+0000] {dag.py:3823} INFO - Setting next_dagrun for download_rocket_launch_v14 to 2026-04-04 00:00:00+00:00, run_after=2026-04-05 00:00:00+00:00
[2026-04-04T07:23:22.139+0000] {processor.py:183} INFO - Processing /opt/airflow/dags/listing_Variant14_Rocket.py took 0.092 seconds
[2026-04-04T07:23:52.558+0000] {processor.py:161} INFO - Started process (PID=285) to work on /opt/airflow/dags/listing_Variant14_Rocket.py
[2026-04-04T07:23:52.560+0000] {processor.py:830} INFO - Processing file /opt/airflow/dags/listing_Variant14_Rocket.py for tasks to queue
[2026-04-04T07:23:52.563+0000] {logging_mixin.py:188} INFO - [2026-04-04T07:23:52.562+0000] {dagbag.py:538} INFO - Filling up the DagBag from /opt/airflow/dags/listing_Variant14_Rocket.py
[2026-04-04T07:23:52.600+0000] {processor.py:840} INFO - DAG(s) 'download_rocket_launch_v14' retrieved from /opt/airflow/dags/listing_Variant14_Rocket.py
[2026-04-04T07:23:52.649+0000] {logging_mixin.py:188} INFO - [2026-04-04T07:23:52.648+0000] {dag.py:3036} INFO - Sync 1 DAGs
[2026-04-04T07:23:52.671+0000] {logging_mixin.py:188} INFO - [2026-04-04T07:23:52.671+0000] {dag.py:3823} INFO - Setting next_dagrun for download_rocket_launch_v14 to 2026-04-04 00:00:00+00:00, run_after=2026-04-05 00:00:00+00:00
[2026-04-04T07:23:52.685+0000] {processor.py:183} INFO - Processing /opt/airflow/dags/listing_Variant14_Rocket.py took 0.132 seconds
[2026-04-04T07:24:22.866+0000] {processor.py:161} INFO - Started process (PID=295) to work on /opt/airflow/dags/listing_Variant14_Rocket.py
[2026-04-04T07:24:22.869+0000] {processor.py:830} INFO - Processing file /opt/airflow/dags/listing_Variant14_Rocket.py for tasks to queue
[2026-04-04T07:24:22.871+0000] {logging_mixin.py:188} INFO - [2026-04-04T07:24:22.870+0000] {dagbag.py:538} INFO - Filling up the DagBag from /opt/airflow/dags/listing_Variant14_Rocket.py
[2026-04-04T07:24:22.918+0000] {processor.py:840} INFO - DAG(s) 'download_rocket_launch_v14' retrieved from /opt/airflow/dags/listing_Variant14_Rocket.py
[2026-04-04T07:24:22.973+0000] {logging_mixin.py:188} INFO - [2026-04-04T07:24:22.973+0000] {dag.py:3036} INFO - Sync 1 DAGs
[2026-04-04T07:24:23.026+0000] {logging_mixin.py:188} INFO - [2026-04-04T07:24:23.025+0000] {dag.py:3823} INFO - Setting next_dagrun for download_rocket_launch_v14 to 2026-04-04 00:00:00+00:00, run_after=2026-04-05 00:00:00+00:00
[2026-04-04T07:24:23.058+0000] {processor.py:183} INFO - Processing /opt/airflow/dags/listing_Variant14_Rocket.py took 0.201 seconds
[2026-04-04T07:24:53.308+0000] {processor.py:161} INFO - Started process (PID=305) to work on /opt/airflow/dags/listing_Variant14_Rocket.py
[2026-04-04T07:24:53.309+0000] {processor.py:830} INFO - Processing file /opt/airflow/dags/listing_Variant14_Rocket.py for tasks to queue
[2026-04-04T07:24:53.310+0000] {logging_mixin.py:188} INFO - [2026-04-04T07:24:53.310+0000] {dagbag.py:538} INFO - Filling up the DagBag from /opt/airflow/dags/listing_Variant14_Rocket.py
[2026-04-04T07:24:53.329+0000] {processor.py:840} INFO - DAG(s) 'download_rocket_launch_v14' retrieved from /opt/airflow/dags/listing_Variant14_Rocket.py
[2026-04-04T07:24:53.363+0000] {logging_mixin.py:188} INFO - [2026-04-04T07:24:53.362+0000] {dag.py:3036} INFO - Sync 1 DAGs
[2026-04-04T07:24:53.390+0000] {logging_mixin.py:188} INFO - [2026-04-04T07:24:53.390+0000] {dag.py:3823} INFO - Setting next_dagrun for download_rocket_launch_v14 to 2026-04-04 00:00:00+00:00, run_after=2026-04-05 00:00:00+00:00
[2026-04-04T07:24:53.405+0000] {processor.py:183} INFO - Processing /opt/airflow/dags/listing_Variant14_Rocket.py took 0.100 seconds
[2026-04-04T07:25:23.773+0000] {processor.py:161} INFO - Started process (PID=315) to work on /opt/airflow/dags/listing_Variant14_Rocket.py
[2026-04-04T07:25:23.775+0000] {processor.py:830} INFO - Processing file /opt/airflow/dags/listing_Variant14_Rocket.py for tasks to queue
[2026-04-04T07:25:23.776+0000] {logging_mixin.py:188} INFO - [2026-04-04T07:25:23.775+0000] {dagbag.py:538} INFO - Filling up the DagBag from /opt/airflow/dags/listing_Variant14_Rocket.py
[2026-04-04T07:25:23.834+0000] {processor.py:840} INFO - DAG(s) 'download_rocket_launch_v14' retrieved from /opt/airflow/dags/listing_Variant14_Rocket.py
[2026-04-04T07:25:23.858+0000] {logging_mixin.py:188} INFO - [2026-04-04T07:25:23.858+0000] {dag.py:3036} INFO - Sync 1 DAGs
[2026-04-04T07:25:23.876+0000] {logging_mixin.py:188} INFO - [2026-04-04T07:25:23.876+0000] {dag.py:3823} INFO - Setting next_dagrun for download_rocket_launch_v14 to 2026-04-04 00:00:00+00:00, run_after=2026-04-05 00:00:00+00:00
[2026-04-04T07:25:23.893+0000] {processor.py:183} INFO - Processing /opt/airflow/dags/listing_Variant14_Rocket.py took 0.123 seconds
[2026-04-04T07:25:54.060+0000] {processor.py:161} INFO - Started process (PID=325) to work on /opt/airflow/dags/listing_Variant14_Rocket.py
[2026-04-04T07:25:54.062+0000] {processor.py:830} INFO - Processing file /opt/airflow/dags/listing_Variant14_Rocket.py for tasks to queue
[2026-04-04T07:25:54.063+0000] {logging_mixin.py:188} INFO - [2026-04-04T07:25:54.062+0000] {dagbag.py:538} INFO - Filling up the DagBag from /opt/airflow/dags/listing_Variant14_Rocket.py
[2026-04-04T07:25:54.080+0000] {processor.py:840} INFO - DAG(s) 'download_rocket_launch_v14' retrieved from /opt/airflow/dags/listing_Variant14_Rocket.py
[2026-04-04T07:25:54.105+0000] {logging_mixin.py:188} INFO - [2026-04-04T07:25:54.105+0000] {dag.py:3036} INFO - Sync 1 DAGs
[2026-04-04T07:25:54.123+0000] {logging_mixin.py:188} INFO - [2026-04-04T07:25:54.123+0000] {dag.py:3823} INFO - Setting next_dagrun for download_rocket_launch_v14 to 2026-04-04 00:00:00+00:00, run_after=2026-04-05 00:00:00+00:00
[2026-04-04T07:25:54.137+0000] {processor.py:183} INFO - Processing /opt/airflow/dags/listing_Variant14_Rocket.py took 0.080 seconds
[2026-04-04T07:26:24.508+0000] {processor.py:161} INFO - Started process (PID=335) to work on /opt/airflow/dags/listing_Variant14_Rocket.py
[2026-04-04T07:26:24.509+0000] {processor.py:830} INFO - Processing file /opt/airflow/dags/listing_Variant14_Rocket.py for tasks to queue
[2026-04-04T07:26:24.510+0000] {logging_mixin.py:188} INFO - [2026-04-04T07:26:24.510+0000] {dagbag.py:538} INFO - Filling up the DagBag from /opt/airflow/dags/listing_Variant14_Rocket.py
[2026-04-04T07:26:24.530+0000] {processor.py:840} INFO - DAG(s) 'download_rocket_launch_v14' retrieved from /opt/airflow/dags/listing_Variant14_Rocket.py
[2026-04-04T07:26:24.557+0000] {logging_mixin.py:188} INFO - [2026-04-04T07:26:24.557+0000] {dag.py:3036} INFO - Sync 1 DAGs
[2026-04-04T07:26:24.575+0000] {logging_mixin.py:188} INFO - [2026-04-04T07:26:24.575+0000] {dag.py:3823} INFO - Setting next_dagrun for download_rocket_launch_v14 to 2026-04-04 00:00:00+00:00, run_after=2026-04-05 00:00:00+00:00
[2026-04-04T07:26:24.590+0000] {processor.py:183} INFO - Processing /opt/airflow/dags/listing_Variant14_Rocket.py took 0.086 seconds
[2026-04-04T07:26:54.857+0000] {processor.py:161} INFO - Started process (PID=345) to work on /opt/airflow/dags/listing_Variant14_Rocket.py
[2026-04-04T07:26:54.858+0000] {processor.py:830} INFO - Processing file /opt/airflow/dags/listing_Variant14_Rocket.py for tasks to queue
[2026-04-04T07:26:54.859+0000] {logging_mixin.py:188} INFO - [2026-04-04T07:26:54.859+0000] {dagbag.py:538} INFO - Filling up the DagBag from /opt/airflow/dags/listing_Variant14_Rocket.py
[2026-04-04T07:26:54.914+0000] {processor.py:840} INFO - DAG(s) 'download_rocket_launch_v14' retrieved from /opt/airflow/dags/listing_Variant14_Rocket.py
[2026-04-04T07:26:54.938+0000] {logging_mixin.py:188} INFO - [2026-04-04T07:26:54.938+0000] {dag.py:3036} INFO - Sync 1 DAGs
[2026-04-04T07:26:54.955+0000] {logging_mixin.py:188} INFO - [2026-04-04T07:26:54.955+0000] {dag.py:3823} INFO - Setting next_dagrun for download_rocket_launch_v14 to 2026-04-04 00:00:00+00:00, run_after=2026-04-05 00:00:00+00:00
[2026-04-04T07:26:54.970+0000] {processor.py:183} INFO - Processing /opt/airflow/dags/listing_Variant14_Rocket.py took 0.117 seconds
[2026-04-04T07:27:25.219+0000] {processor.py:161} INFO - Started process (PID=355) to work on /opt/airflow/dags/listing_Variant14_Rocket.py
[2026-04-04T07:27:25.220+0000] {processor.py:830} INFO - Processing file /opt/airflow/dags/listing_Variant14_Rocket.py for tasks to queue
[2026-04-04T07:27:25.222+0000] {logging_mixin.py:188} INFO - [2026-04-04T07:27:25.221+0000] {dagbag.py:538} INFO - Filling up the DagBag from /opt/airflow/dags/listing_Variant14_Rocket.py
[2026-04-04T07:27:25.274+0000] {processor.py:840} INFO - DAG(s) 'download_rocket_launch_v14' retrieved from /opt/airflow/dags/listing_Variant14_Rocket.py
[2026-04-04T07:27:25.300+0000] {logging_mixin.py:188} INFO - [2026-04-04T07:27:25.300+0000] {dag.py:3036} INFO - Sync 1 DAGs
[2026-04-04T07:27:25.318+0000] {logging_mixin.py:188} INFO - [2026-04-04T07:27:25.318+0000] {dag.py:3823} INFO - Setting next_dagrun for download_rocket_launch_v14 to 2026-04-04 00:00:00+00:00, run_after=2026-04-05 00:00:00+00:00
[2026-04-04T07:27:25.333+0000] {processor.py:183} INFO - Processing /opt/airflow/dags/listing_Variant14_Rocket.py took 0.117 seconds
[2026-04-04T07:27:55.487+0000] {processor.py:161} INFO - Started process (PID=375) to work on /opt/airflow/dags/listing_Variant14_Rocket.py
[2026-04-04T07:27:55.489+0000] {processor.py:830} INFO - Processing file /opt/airflow/dags/listing_Variant14_Rocket.py for tasks to queue
[2026-04-04T07:27:55.489+0000] {logging_mixin.py:188} INFO - [2026-04-04T07:27:55.489+0000] {dagbag.py:538} INFO - Filling up the DagBag from /opt/airflow/dags/listing_Variant14_Rocket.py
[2026-04-04T07:27:55.524+0000] {processor.py:840} INFO - DAG(s) 'download_rocket_launch_v14' retrieved from /opt/airflow/dags/listing_Variant14_Rocket.py
[2026-04-04T07:27:55.553+0000] {logging_mixin.py:188} INFO - [2026-04-04T07:27:55.552+0000] {dag.py:3036} INFO - Sync 1 DAGs
[2026-04-04T07:27:55.572+0000] {logging_mixin.py:188} INFO - [2026-04-04T07:27:55.571+0000] {dag.py:3823} INFO - Setting next_dagrun for download_rocket_launch_v14 to 2026-04-04 00:00:00+00:00, run_after=2026-04-05 00:00:00+00:00
[2026-04-04T07:27:55.588+0000] {processor.py:183} INFO - Processing /opt/airflow/dags/listing_Variant14_Rocket.py took 0.103 seconds
[2026-04-04T07:28:25.808+0000] {processor.py:161} INFO - Started process (PID=393) to work on /opt/airflow/dags/listing_Variant14_Rocket.py
[2026-04-04T07:28:25.809+0000] {processor.py:830} INFO - Processing file /opt/airflow/dags/listing_Variant14_Rocket.py for tasks to queue
[2026-04-04T07:28:25.810+0000] {logging_mixin.py:188} INFO - [2026-04-04T07:28:25.809+0000] {dagbag.py:538} INFO - Filling up the DagBag from /opt/airflow/dags/listing_Variant14_Rocket.py
[2026-04-04T07:28:25.828+0000] {processor.py:840} INFO - DAG(s) 'download_rocket_launch_v14' retrieved from /opt/airflow/dags/listing_Variant14_Rocket.py
[2026-04-04T07:28:25.851+0000] {logging_mixin.py:188} INFO - [2026-04-04T07:28:25.851+0000] {dag.py:3036} INFO - Sync 1 DAGs
[2026-04-04T07:28:25.870+0000] {logging_mixin.py:188} INFO - [2026-04-04T07:28:25.869+0000] {dag.py:3823} INFO - Setting next_dagrun for download_rocket_launch_v14 to 2026-04-04 00:00:00+00:00, run_after=2026-04-05 00:00:00+00:00
[2026-04-04T07:28:25.890+0000] {processor.py:183} INFO - Processing /opt/airflow/dags/listing_Variant14_Rocket.py took 0.086 seconds
[2026-04-04T07:28:56.225+0000] {processor.py:161} INFO - Started process (PID=403) to work on /opt/airflow/dags/listing_Variant14_Rocket.py
[2026-04-04T07:28:56.226+0000] {processor.py:830} INFO - Processing file /opt/airflow/dags/listing_Variant14_Rocket.py for tasks to queue
[2026-04-04T07:28:56.227+0000] {logging_mixin.py:188} INFO - [2026-04-04T07:28:56.227+0000] {dagbag.py:538} INFO - Filling up the DagBag from /opt/airflow/dags/listing_Variant14_Rocket.py
[2026-04-04T07:28:56.245+0000] {processor.py:840} INFO - DAG(s) 'download_rocket_launch_v14' retrieved from /opt/airflow/dags/listing_Variant14_Rocket.py
[2026-04-04T07:28:56.270+0000] {logging_mixin.py:188} INFO - [2026-04-04T07:28:56.270+0000] {dag.py:3036} INFO - Sync 1 DAGs
[2026-04-04T07:28:56.291+0000] {logging_mixin.py:188} INFO - [2026-04-04T07:28:56.291+0000] {dag.py:3823} INFO - Setting next_dagrun for download_rocket_launch_v14 to 2026-04-04 00:00:00+00:00, run_after=2026-04-05 00:00:00+00:00
[2026-04-04T07:28:56.316+0000] {processor.py:183} INFO - Processing /opt/airflow/dags/listing_Variant14_Rocket.py took 0.095 seconds
[2026-04-04T07:29:26.582+0000] {processor.py:161} INFO - Started process (PID=413) to work on /opt/airflow/dags/listing_Variant14_Rocket.py
[2026-04-04T07:29:26.583+0000] {processor.py:830} INFO - Processing file /opt/airflow/dags/listing_Variant14_Rocket.py for tasks to queue
[2026-04-04T07:29:26.584+0000] {logging_mixin.py:188} INFO - [2026-04-04T07:29:26.584+0000] {dagbag.py:538} INFO - Filling up the DagBag from /opt/airflow/dags/listing_Variant14_Rocket.py
[2026-04-04T07:29:26.605+0000] {processor.py:840} INFO - DAG(s) 'download_rocket_launch_v14' retrieved from /opt/airflow/dags/listing_Variant14_Rocket.py
[2026-04-04T07:29:26.633+0000] {logging_mixin.py:188} INFO - [2026-04-04T07:29:26.632+0000] {dag.py:3036} INFO - Sync 1 DAGs
[2026-04-04T07:29:26.654+0000] {logging_mixin.py:188} INFO - [2026-04-04T07:29:26.654+0000] {dag.py:3823} INFO - Setting next_dagrun for download_rocket_launch_v14 to 2026-04-04 00:00:00+00:00, run_after=2026-04-05 00:00:00+00:00
[2026-04-04T07:29:26.673+0000] {processor.py:183} INFO - Processing /opt/airflow/dags/listing_Variant14_Rocket.py took 0.094 seconds
[2026-04-04T07:29:56.824+0000] {processor.py:161} INFO - Started process (PID=423) to work on /opt/airflow/dags/listing_Variant14_Rocket.py
[2026-04-04T07:29:56.825+0000] {processor.py:830} INFO - Processing file /opt/airflow/dags/listing_Variant14_Rocket.py for tasks to queue
[2026-04-04T07:29:56.826+0000] {logging_mixin.py:188} INFO - [2026-04-04T07:29:56.826+0000] {dagbag.py:538} INFO - Filling up the DagBag from /opt/airflow/dags/listing_Variant14_Rocket.py
[2026-04-04T07:29:56.866+0000] {processor.py:840} INFO - DAG(s) 'download_rocket_launch_v14' retrieved from /opt/airflow/dags/listing_Variant14_Rocket.py
[2026-04-04T07:29:56.901+0000] {logging_mixin.py:188} INFO - [2026-04-04T07:29:56.901+0000] {dag.py:3036} INFO - Sync 1 DAGs
[2026-04-04T07:29:56.928+0000] {logging_mixin.py:188} INFO - [2026-04-04T07:29:56.928+0000] {dag.py:3823} INFO - Setting next_dagrun for download_rocket_launch_v14 to 2026-04-04 00:00:00+00:00, run_after=2026-04-05 00:00:00+00:00
[2026-04-04T07:29:56.949+0000] {processor.py:183} INFO - Processing /opt/airflow/dags/listing_Variant14_Rocket.py took 0.129 seconds
[2026-04-04T07:30:27.251+0000] {processor.py:161} INFO - Started process (PID=433) to work on /opt/airflow/dags/listing_Variant14_Rocket.py
[2026-04-04T07:30:27.252+0000] {processor.py:830} INFO - Processing file /opt/airflow/dags/listing_Variant14_Rocket.py for tasks to queue
[2026-04-04T07:30:27.253+0000] {logging_mixin.py:188} INFO - [2026-04-04T07:30:27.253+0000] {dagbag.py:538} INFO - Filling up the DagBag from /opt/airflow/dags/listing_Variant14_Rocket.py
[2026-04-04T07:30:27.275+0000] {processor.py:840} INFO - DAG(s) 'download_rocket_launch_v14' retrieved from /opt/airflow/dags/listing_Variant14_Rocket.py
[2026-04-04T07:30:27.302+0000] {logging_mixin.py:188} INFO - [2026-04-04T07:30:27.302+0000] {dag.py:3036} INFO - Sync 1 DAGs
[2026-04-04T07:30:27.322+0000] {logging_mixin.py:188} INFO - [2026-04-04T07:30:27.322+0000] {dag.py:3823} INFO - Setting next_dagrun for download_rocket_launch_v14 to 2026-04-04 00:00:00+00:00, run_after=2026-04-05 00:00:00+00:00
[2026-04-04T07:30:27.340+0000] {processor.py:183} INFO - Processing /opt/airflow/dags/listing_Variant14_Rocket.py took 0.092 seconds
[2026-04-04T07:30:57.555+0000] {processor.py:161} INFO - Started process (PID=443) to work on /opt/airflow/dags/listing_Variant14_Rocket.py
[2026-04-04T07:30:57.556+0000] {processor.py:830} INFO - Processing file /opt/airflow/dags/listing_Variant14_Rocket.py for tasks to queue
[2026-04-04T07:30:57.557+0000] {logging_mixin.py:188} INFO - [2026-04-04T07:30:57.557+0000] {dagbag.py:538} INFO - Filling up the DagBag from /opt/airflow/dags/listing_Variant14_Rocket.py
[2026-04-04T07:30:57.576+0000] {processor.py:840} INFO - DAG(s) 'download_rocket_launch_v14' retrieved from /opt/airflow/dags/listing_Variant14_Rocket.py
[2026-04-04T07:30:57.603+0000] {logging_mixin.py:188} INFO - [2026-04-04T07:30:57.603+0000] {dag.py:3036} INFO - Sync 1 DAGs
[2026-04-04T07:30:57.622+0000] {logging_mixin.py:188} INFO - [2026-04-04T07:30:57.622+0000] {dag.py:3823} INFO - Setting next_dagrun for download_rocket_launch_v14 to 2026-04-04 00:00:00+00:00, run_after=2026-04-05 00:00:00+00:00
[2026-04-04T07:30:57.638+0000] {processor.py:183} INFO - Processing /opt/airflow/dags/listing_Variant14_Rocket.py took 0.085 seconds
[2026-04-04T07:31:27.985+0000] {processor.py:161} INFO - Started process (PID=453) to work on /opt/airflow/dags/listing_Variant14_Rocket.py
[2026-04-04T07:31:27.986+0000] {processor.py:830} INFO - Processing file /opt/airflow/dags/listing_Variant14_Rocket.py for tasks to queue
[2026-04-04T07:31:27.988+0000] {logging_mixin.py:188} INFO - [2026-04-04T07:31:27.988+0000] {dagbag.py:538} INFO - Filling up the DagBag from /opt/airflow/dags/listing_Variant14_Rocket.py
[2026-04-04T07:31:28.064+0000] {processor.py:840} INFO - DAG(s) 'download_rocket_launch_v14' retrieved from /opt/airflow/dags/listing_Variant14_Rocket.py
[2026-04-04T07:31:28.088+0000] {logging_mixin.py:188} INFO - [2026-04-04T07:31:28.088+0000] {dag.py:3036} INFO - Sync 1 DAGs
[2026-04-04T07:31:28.107+0000] {logging_mixin.py:188} INFO - [2026-04-04T07:31:28.107+0000] {dag.py:3823} INFO - Setting next_dagrun for download_rocket_launch_v14 to 2026-04-04 00:00:00+00:00, run_after=2026-04-05 00:00:00+00:00
[2026-04-04T07:31:28.128+0000] {processor.py:183} INFO - Processing /opt/airflow/dags/listing_Variant14_Rocket.py took 0.145 seconds
[2026-04-04T07:31:58.492+0000] {processor.py:161} INFO - Started process (PID=463) to work on /opt/airflow/dags/listing_Variant14_Rocket.py
[2026-04-04T07:31:58.494+0000] {processor.py:830} INFO - Processing file /opt/airflow/dags/listing_Variant14_Rocket.py for tasks to queue
[2026-04-04T07:31:58.495+0000] {logging_mixin.py:188} INFO - [2026-04-04T07:31:58.495+0000] {dagbag.py:538} INFO - Filling up the DagBag from /opt/airflow/dags/listing_Variant14_Rocket.py
[2026-04-04T07:31:58.519+0000] {processor.py:840} INFO - DAG(s) 'download_rocket_launch_v14' retrieved from /opt/airflow/dags/listing_Variant14_Rocket.py
[2026-04-04T07:31:58.549+0000] {logging_mixin.py:188} INFO - [2026-04-04T07:31:58.549+0000] {dag.py:3036} INFO - Sync 1 DAGs
[2026-04-04T07:31:58.569+0000] {logging_mixin.py:188} INFO - [2026-04-04T07:31:58.569+0000] {dag.py:3823} INFO - Setting next_dagrun for download_rocket_launch_v14 to 2026-04-04 00:00:00+00:00, run_after=2026-04-05 00:00:00+00:00
[2026-04-04T07:31:58.590+0000] {processor.py:183} INFO - Processing /opt/airflow/dags/listing_Variant14_Rocket.py took 0.101 seconds
[2026-04-04T07:32:28.778+0000] {processor.py:161} INFO - Started process (PID=473) to work on /opt/airflow/dags/listing_Variant14_Rocket.py
[2026-04-04T07:32:28.779+0000] {processor.py:830} INFO - Processing file /opt/airflow/dags/listing_Variant14_Rocket.py for tasks to queue
[2026-04-04T07:32:28.779+0000] {logging_mixin.py:188} INFO - [2026-04-04T07:32:28.779+0000] {dagbag.py:538} INFO - Filling up the DagBag from /opt/airflow/dags/listing_Variant14_Rocket.py
[2026-04-04T07:32:28.803+0000] {processor.py:840} INFO - DAG(s) 'download_rocket_launch_v14' retrieved from /opt/airflow/dags/listing_Variant14_Rocket.py
[2026-04-04T07:32:28.832+0000] {logging_mixin.py:188} INFO - [2026-04-04T07:32:28.832+0000] {dag.py:3036} INFO - Sync 1 DAGs
[2026-04-04T07:32:28.853+0000] {logging_mixin.py:188} INFO - [2026-04-04T07:32:28.853+0000] {dag.py:3823} INFO - Setting next_dagrun for download_rocket_launch_v14 to 2026-04-04 00:00:00+00:00, run_after=2026-04-05 00:00:00+00:00
[2026-04-04T07:32:28.879+0000] {processor.py:183} INFO - Processing /opt/airflow/dags/listing_Variant14_Rocket.py took 0.104 seconds
[2026-04-04T07:32:59.242+0000] {processor.py:161} INFO - Started process (PID=483) to work on /opt/airflow/dags/listing_Variant14_Rocket.py
[2026-04-04T07:32:59.244+0000] {processor.py:830} INFO - Processing file /opt/airflow/dags/listing_Variant14_Rocket.py for tasks to queue
[2026-04-04T07:32:59.245+0000] {logging_mixin.py:188} INFO - [2026-04-04T07:32:59.244+0000] {dagbag.py:538} INFO - Filling up the DagBag from /opt/airflow/dags/listing_Variant14_Rocket.py
[2026-04-04T07:32:59.271+0000] {processor.py:840} INFO - DAG(s) 'download_rocket_launch_v14' retrieved from /opt/airflow/dags/listing_Variant14_Rocket.py
[2026-04-04T07:32:59.296+0000] {logging_mixin.py:188} INFO - [2026-04-04T07:32:59.295+0000] {dag.py:3036} INFO - Sync 1 DAGs
[2026-04-04T07:32:59.314+0000] {logging_mixin.py:188} INFO - [2026-04-04T07:32:59.314+0000] {dag.py:3823} INFO - Setting next_dagrun for download_rocket_launch_v14 to 2026-04-04 00:00:00+00:00, run_after=2026-04-05 00:00:00+00:00
[2026-04-04T07:32:59.330+0000] {processor.py:183} INFO - Processing /opt/airflow/dags/listing_Variant14_Rocket.py took 0.091 seconds
[2026-04-04T07:33:29.620+0000] {processor.py:161} INFO - Started process (PID=493) to work on /opt/airflow/dags/listing_Variant14_Rocket.py
[2026-04-04T07:33:29.621+0000] {processor.py:830} INFO - Processing file /opt/airflow/dags/listing_Variant14_Rocket.py for tasks to queue
[2026-04-04T07:33:29.622+0000] {logging_mixin.py:188} INFO - [2026-04-04T07:33:29.622+0000] {dagbag.py:538} INFO - Filling up the DagBag from /opt/airflow/dags/listing_Variant14_Rocket.py
[2026-04-04T07:33:29.644+0000] {processor.py:840} INFO - DAG(s) 'download_rocket_launch_v14' retrieved from /opt/airflow/dags/listing_Variant14_Rocket.py
[2026-04-04T07:33:29.673+0000] {logging_mixin.py:188} INFO - [2026-04-04T07:33:29.673+0000] {dag.py:3036} INFO - Sync 1 DAGs
[2026-04-04T07:33:29.695+0000] {logging_mixin.py:188} INFO - [2026-04-04T07:33:29.695+0000] {dag.py:3823} INFO - Setting next_dagrun for download_rocket_launch_v14 to 2026-04-04 00:00:00+00:00, run_after=2026-04-05 00:00:00+00:00
[2026-04-04T07:33:29.717+0000] {processor.py:183} INFO - Processing /opt/airflow/dags/listing_Variant14_Rocket.py took 0.099 seconds
[2026-04-04T07:33:59.965+0000] {processor.py:161} INFO - Started process (PID=503) to work on /opt/airflow/dags/listing_Variant14_Rocket.py
[2026-04-04T07:33:59.967+0000] {processor.py:830} INFO - Processing file /opt/airflow/dags/listing_Variant14_Rocket.py for tasks to queue
[2026-04-04T07:33:59.968+0000] {logging_mixin.py:188} INFO - [2026-04-04T07:33:59.967+0000] {dagbag.py:538} INFO - Filling up the DagBag from /opt/airflow/dags/listing_Variant14_Rocket.py
[2026-04-04T07:33:59.988+0000] {processor.py:840} INFO - DAG(s) 'download_rocket_launch_v14' retrieved from /opt/airflow/dags/listing_Variant14_Rocket.py
[2026-04-04T07:34:00.020+0000] {logging_mixin.py:188} INFO - [2026-04-04T07:34:00.019+0000] {dag.py:3036} INFO - Sync 1 DAGs
[2026-04-04T07:34:00.040+0000] {logging_mixin.py:188} INFO - [2026-04-04T07:34:00.040+0000] {dag.py:3823} INFO - Setting next_dagrun for download_rocket_launch_v14 to 2026-04-04 00:00:00+00:00, run_after=2026-04-05 00:00:00+00:00
[2026-04-04T07:34:00.056+0000] {processor.py:183} INFO - Processing /opt/airflow/dags/listing_Variant14_Rocket.py took 0.094 seconds
[2026-04-04T07:34:30.325+0000] {processor.py:161} INFO - Started process (PID=513) to work on /opt/airflow/dags/listing_Variant14_Rocket.py
[2026-04-04T07:34:30.326+0000] {processor.py:830} INFO - Processing file /opt/airflow/dags/listing_Variant14_Rocket.py for tasks to queue
[2026-04-04T07:34:30.327+0000] {logging_mixin.py:188} INFO - [2026-04-04T07:34:30.327+0000] {dagbag.py:538} INFO - Filling up the DagBag from /opt/airflow/dags/listing_Variant14_Rocket.py
[2026-04-04T07:34:30.347+0000] {processor.py:840} INFO - DAG(s) 'download_rocket_launch_v14' retrieved from /opt/airflow/dags/listing_Variant14_Rocket.py
[2026-04-04T07:34:30.375+0000] {logging_mixin.py:188} INFO - [2026-04-04T07:34:30.375+0000] {dag.py:3036} INFO - Sync 1 DAGs
[2026-04-04T07:34:30.396+0000] {logging_mixin.py:188} INFO - [2026-04-04T07:34:30.396+0000] {dag.py:3823} INFO - Setting next_dagrun for download_rocket_launch_v14 to 2026-04-04 00:00:00+00:00, run_after=2026-04-05 00:00:00+00:00
[2026-04-04T07:34:30.414+0000] {processor.py:183} INFO - Processing /opt/airflow/dags/listing_Variant14_Rocket.py took 0.092 seconds
[2026-04-04T07:34:56.765+0000] {processor.py:161} INFO - Started process (PID=528) to work on /opt/airflow/dags/listing_Variant14_Rocket.py
[2026-04-04T07:34:56.766+0000] {processor.py:830} INFO - Processing file /opt/airflow/dags/listing_Variant14_Rocket.py for tasks to queue
[2026-04-04T07:34:56.767+0000] {logging_mixin.py:188} INFO - [2026-04-04T07:34:56.767+0000] {dagbag.py:538} INFO - Filling up the DagBag from /opt/airflow/dags/listing_Variant14_Rocket.py
[2026-04-04T07:34:56.809+0000] {processor.py:840} INFO - DAG(s) 'download_rocket_launch_v14' retrieved from /opt/airflow/dags/listing_Variant14_Rocket.py
[2026-04-04T07:34:56.904+0000] {logging_mixin.py:188} INFO - [2026-04-04T07:34:56.904+0000] {dag.py:3036} INFO - Sync 1 DAGs
[2026-04-04T07:34:56.926+0000] {logging_mixin.py:188} INFO - [2026-04-04T07:34:56.926+0000] {dag.py:3823} INFO - Setting next_dagrun for download_rocket_launch_v14 to 2026-04-04 00:00:00+00:00, run_after=2026-04-05 00:00:00+00:00
[2026-04-04T07:34:56.950+0000] {processor.py:183} INFO - Processing /opt/airflow/dags/listing_Variant14_Rocket.py took 0.188 seconds
[2026-04-04T07:35:27.171+0000] {processor.py:161} INFO - Started process (PID=548) to work on /opt/airflow/dags/listing_Variant14_Rocket.py
[2026-04-04T07:35:27.172+0000] {processor.py:830} INFO - Processing file /opt/airflow/dags/listing_Variant14_Rocket.py for tasks to queue
[2026-04-04T07:35:27.173+0000] {logging_mixin.py:188} INFO - [2026-04-04T07:35:27.173+0000] {dagbag.py:538} INFO - Filling up the DagBag from /opt/airflow/dags/listing_Variant14_Rocket.py
[2026-04-04T07:35:27.193+0000] {processor.py:840} INFO - DAG(s) 'download_rocket_launch_v14' retrieved from /opt/airflow/dags/listing_Variant14_Rocket.py
[2026-04-04T07:35:27.273+0000] {logging_mixin.py:188} INFO - [2026-04-04T07:35:27.273+0000] {dag.py:3036} INFO - Sync 1 DAGs
[2026-04-04T07:35:27.380+0000] {logging_mixin.py:188} INFO - [2026-04-04T07:35:27.380+0000] {dag.py:3823} INFO - Setting next_dagrun for download_rocket_launch_v14 to 2026-04-04 00:00:00+00:00, run_after=2026-04-05 00:00:00+00:00
[2026-04-04T07:35:27.410+0000] {processor.py:183} INFO - Processing /opt/airflow/dags/listing_Variant14_Rocket.py took 0.242 seconds
[2026-04-04T07:35:57.609+0000] {processor.py:161} INFO - Started process (PID=566) to work on /opt/airflow/dags/listing_Variant14_Rocket.py
[2026-04-04T07:35:57.611+0000] {processor.py:830} INFO - Processing file /opt/airflow/dags/listing_Variant14_Rocket.py for tasks to queue
[2026-04-04T07:35:57.612+0000] {logging_mixin.py:188} INFO - [2026-04-04T07:35:57.611+0000] {dagbag.py:538} INFO - Filling up the DagBag from /opt/airflow/dags/listing_Variant14_Rocket.py
[2026-04-04T07:35:57.630+0000] {processor.py:840} INFO - DAG(s) 'download_rocket_launch_v14' retrieved from /opt/airflow/dags/listing_Variant14_Rocket.py
[2026-04-04T07:35:57.653+0000] {logging_mixin.py:188} INFO - [2026-04-04T07:35:57.653+0000] {dag.py:3036} INFO - Sync 1 DAGs
[2026-04-04T07:35:57.671+0000] {logging_mixin.py:188} INFO - [2026-04-04T07:35:57.671+0000] {dag.py:3823} INFO - Setting next_dagrun for download_rocket_launch_v14 to 2026-04-04 00:00:00+00:00, run_after=2026-04-05 00:00:00+00:00
[2026-04-04T07:35:57.686+0000] {processor.py:183} INFO - Processing /opt/airflow/dags/listing_Variant14_Rocket.py took 0.079 seconds
[2026-04-04T07:36:27.961+0000] {processor.py:161} INFO - Started process (PID=576) to work on /opt/airflow/dags/listing_Variant14_Rocket.py
[2026-04-04T07:36:27.962+0000] {processor.py:830} INFO - Processing file /opt/airflow/dags/listing_Variant14_Rocket.py for tasks to queue
[2026-04-04T07:36:27.963+0000] {logging_mixin.py:188} INFO - [2026-04-04T07:36:27.962+0000] {dagbag.py:538} INFO - Filling up the DagBag from /opt/airflow/dags/listing_Variant14_Rocket.py
[2026-04-04T07:36:27.978+0000] {processor.py:840} INFO - DAG(s) 'download_rocket_launch_v14' retrieved from /opt/airflow/dags/listing_Variant14_Rocket.py
[2026-04-04T07:36:28.001+0000] {logging_mixin.py:188} INFO - [2026-04-04T07:36:28.000+0000] {dag.py:3036} INFO - Sync 1 DAGs
[2026-04-04T07:36:28.018+0000] {logging_mixin.py:188} INFO - [2026-04-04T07:36:28.018+0000] {dag.py:3823} INFO - Setting next_dagrun for download_rocket_launch_v14 to 2026-04-04 00:00:00+00:00, run_after=2026-04-05 00:00:00+00:00
[2026-04-04T07:36:28.039+0000] {processor.py:183} INFO - Processing /opt/airflow/dags/listing_Variant14_Rocket.py took 0.081 seconds
[2026-04-04T07:36:58.501+0000] {processor.py:161} INFO - Started process (PID=591) to work on /opt/airflow/dags/listing_Variant14_Rocket.py
[2026-04-04T07:36:58.502+0000] {processor.py:830} INFO - Processing file /opt/airflow/dags/listing_Variant14_Rocket.py for tasks to queue
[2026-04-04T07:36:58.503+0000] {logging_mixin.py:188} INFO - [2026-04-04T07:36:58.503+0000] {dagbag.py:538} INFO - Filling up the DagBag from /opt/airflow/dags/listing_Variant14_Rocket.py
[2026-04-04T07:36:58.542+0000] {processor.py:840} INFO - DAG(s) 'download_rocket_launch_v14' retrieved from /opt/airflow/dags/listing_Variant14_Rocket.py
[2026-04-04T07:36:58.565+0000] {logging_mixin.py:188} INFO - [2026-04-04T07:36:58.565+0000] {dag.py:3036} INFO - Sync 1 DAGs
[2026-04-04T07:36:58.583+0000] {logging_mixin.py:188} INFO - [2026-04-04T07:36:58.583+0000] {dag.py:3823} INFO - Setting next_dagrun for download_rocket_launch_v14 to 2026-04-04 00:00:00+00:00, run_after=2026-04-05 00:00:00+00:00
[2026-04-04T07:36:58.600+0000] {processor.py:183} INFO - Processing /opt/airflow/dags/listing_Variant14_Rocket.py took 0.102 seconds
[2026-04-04T07:37:01.671+0000] {processor.py:161} INFO - Started process (PID=596) to work on /opt/airflow/dags/listing_Variant14_Rocket.py
[2026-04-04T07:37:01.672+0000] {processor.py:830} INFO - Processing file /opt/airflow/dags/listing_Variant14_Rocket.py for tasks to queue
[2026-04-04T07:37:01.673+0000] {logging_mixin.py:188} INFO - [2026-04-04T07:37:01.673+0000] {dagbag.py:538} INFO - Filling up the DagBag from /opt/airflow/dags/listing_Variant14_Rocket.py
[2026-04-04T07:37:01.703+0000] {processor.py:840} INFO - DAG(s) 'download_rocket_launch_v14' retrieved from /opt/airflow/dags/listing_Variant14_Rocket.py
[2026-04-04T07:37:01.787+0000] {logging_mixin.py:188} INFO - [2026-04-04T07:37:01.786+0000] {dag.py:3036} INFO - Sync 1 DAGs
[2026-04-04T07:37:01.805+0000] {logging_mixin.py:188} INFO - [2026-04-04T07:37:01.804+0000] {dag.py:3823} INFO - Setting next_dagrun for download_rocket_launch_v14 to 2026-04-04 00:00:00+00:00, run_after=2026-04-05 00:00:00+00:00
[2026-04-04T07:37:01.833+0000] {processor.py:183} INFO - Processing /opt/airflow/dags/listing_Variant14_Rocket.py took 0.165 seconds
[2026-04-04T07:37:32.040+0000] {processor.py:161} INFO - Started process (PID=614) to work on /opt/airflow/dags/listing_Variant14_Rocket.py
[2026-04-04T07:37:32.042+0000] {processor.py:830} INFO - Processing file /opt/airflow/dags/listing_Variant14_Rocket.py for tasks to queue
[2026-04-04T07:37:32.043+0000] {logging_mixin.py:188} INFO - [2026-04-04T07:37:32.043+0000] {dagbag.py:538} INFO - Filling up the DagBag from /opt/airflow/dags/listing_Variant14_Rocket.py
[2026-04-04T07:37:32.070+0000] {processor.py:840} INFO - DAG(s) 'download_rocket_launch_v14' retrieved from /opt/airflow/dags/listing_Variant14_Rocket.py
[2026-04-04T07:37:32.103+0000] {logging_mixin.py:188} INFO - [2026-04-04T07:37:32.102+0000] {dag.py:3036} INFO - Sync 1 DAGs
[2026-04-04T07:37:32.124+0000] {logging_mixin.py:188} INFO - [2026-04-04T07:37:32.124+0000] {dag.py:3823} INFO - Setting next_dagrun for download_rocket_launch_v14 to 2026-04-04 00:00:00+00:00, run_after=2026-04-05 00:00:00+00:00
[2026-04-04T07:37:32.145+0000] {processor.py:183} INFO - Processing /opt/airflow/dags/listing_Variant14_Rocket.py took 0.109 seconds
[2026-04-04T07:38:02.448+0000] {processor.py:161} INFO - Started process (PID=624) to work on /opt/airflow/dags/listing_Variant14_Rocket.py
[2026-04-04T07:38:02.452+0000] {processor.py:830} INFO - Processing file /opt/airflow/dags/listing_Variant14_Rocket.py for tasks to queue
[2026-04-04T07:38:02.457+0000] {logging_mixin.py:188} INFO - [2026-04-04T07:38:02.456+0000] {dagbag.py:538} INFO - Filling up the DagBag from /opt/airflow/dags/listing_Variant14_Rocket.py
[2026-04-04T07:38:02.527+0000] {processor.py:840} INFO - DAG(s) 'download_rocket_launch_v14' retrieved from /opt/airflow/dags/listing_Variant14_Rocket.py
[2026-04-04T07:38:02.571+0000] {logging_mixin.py:188} INFO - [2026-04-04T07:38:02.571+0000] {dag.py:3036} INFO - Sync 1 DAGs
[2026-04-04T07:38:02.618+0000] {logging_mixin.py:188} INFO - [2026-04-04T07:38:02.617+0000] {dag.py:3823} INFO - Setting next_dagrun for download_rocket_launch_v14 to 2026-04-04 00:00:00+00:00, run_after=2026-04-05 00:00:00+00:00
[2026-04-04T07:38:02.648+0000] {processor.py:183} INFO - Processing /opt/airflow/dags/listing_Variant14_Rocket.py took 0.207 seconds
[2026-04-04T07:38:23.000+0000] {processor.py:161} INFO - Started process (PID=634) to work on /opt/airflow/dags/listing_Variant14_Rocket.py
[2026-04-04T07:38:23.003+0000] {processor.py:830} INFO - Processing file /opt/airflow/dags/listing_Variant14_Rocket.py for tasks to queue
[2026-04-04T07:38:23.007+0000] {logging_mixin.py:188} INFO - [2026-04-04T07:38:23.006+0000] {dagbag.py:538} INFO - Filling up the DagBag from /opt/airflow/dags/listing_Variant14_Rocket.py
[2026-04-04T07:38:23.046+0000] {processor.py:840} INFO - DAG(s) 'download_rocket_launch_v14' retrieved from /opt/airflow/dags/listing_Variant14_Rocket.py
[2026-04-04T07:38:23.224+0000] {logging_mixin.py:188} INFO - [2026-04-04T07:38:23.224+0000] {dag.py:3036} INFO - Sync 1 DAGs
[2026-04-04T07:38:23.251+0000] {logging_mixin.py:188} INFO - [2026-04-04T07:38:23.251+0000] {dag.py:3823} INFO - Setting next_dagrun for download_rocket_launch_v14 to 2026-04-04 00:00:00+00:00, run_after=2026-04-05 00:00:00+00:00
[2026-04-04T07:38:23.284+0000] {processor.py:183} INFO - Processing /opt/airflow/dags/listing_Variant14_Rocket.py took 0.287 seconds
[2026-04-04T07:38:53.404+0000] {processor.py:161} INFO - Started process (PID=653) to work on /opt/airflow/dags/listing_Variant14_Rocket.py
[2026-04-04T07:38:53.405+0000] {processor.py:830} INFO - Processing file /opt/airflow/dags/listing_Variant14_Rocket.py for tasks to queue
[2026-04-04T07:38:53.406+0000] {logging_mixin.py:188} INFO - [2026-04-04T07:38:53.406+0000] {dagbag.py:538} INFO - Filling up the DagBag from /opt/airflow/dags/listing_Variant14_Rocket.py
[2026-04-04T07:38:53.425+0000] {processor.py:840} INFO - DAG(s) 'download_rocket_launch_v14' retrieved from /opt/airflow/dags/listing_Variant14_Rocket.py
[2026-04-04T07:38:53.448+0000] {logging_mixin.py:188} INFO - [2026-04-04T07:38:53.448+0000] {dag.py:3036} INFO - Sync 1 DAGs
[2026-04-04T07:38:53.464+0000] {logging_mixin.py:188} INFO - [2026-04-04T07:38:53.464+0000] {dag.py:3823} INFO - Setting next_dagrun for download_rocket_launch_v14 to 2026-04-04 00:00:00+00:00, run_after=2026-04-05 00:00:00+00:00
[2026-04-04T07:38:53.499+0000] {processor.py:183} INFO - Processing /opt/airflow/dags/listing_Variant14_Rocket.py took 0.098 seconds
[2026-04-04T07:39:23.841+0000] {processor.py:161} INFO - Started process (PID=663) to work on /opt/airflow/dags/listing_Variant14_Rocket.py
[2026-04-04T07:39:23.842+0000] {processor.py:830} INFO - Processing file /opt/airflow/dags/listing_Variant14_Rocket.py for tasks to queue
[2026-04-04T07:39:23.842+0000] {logging_mixin.py:188} INFO - [2026-04-04T07:39:23.842+0000] {dagbag.py:538} INFO - Filling up the DagBag from /opt/airflow/dags/listing_Variant14_Rocket.py
[2026-04-04T07:39:23.857+0000] {processor.py:840} INFO - DAG(s) 'download_rocket_launch_v14' retrieved from /opt/airflow/dags/listing_Variant14_Rocket.py
[2026-04-04T07:39:23.876+0000] {logging_mixin.py:188} INFO - [2026-04-04T07:39:23.876+0000] {dag.py:3036} INFO - Sync 1 DAGs
[2026-04-04T07:39:23.900+0000] {logging_mixin.py:188} INFO - [2026-04-04T07:39:23.900+0000] {dag.py:3823} INFO - Setting next_dagrun for download_rocket_launch_v14 to 2026-04-04 00:00:00+00:00, run_after=2026-04-05 00:00:00+00:00
[2026-04-04T07:39:23.918+0000] {processor.py:183} INFO - Processing /opt/airflow/dags/listing_Variant14_Rocket.py took 0.079 seconds
[2026-04-04T07:39:54.157+0000] {processor.py:161} INFO - Started process (PID=673) to work on /opt/airflow/dags/listing_Variant14_Rocket.py
[2026-04-04T07:39:54.158+0000] {processor.py:830} INFO - Processing file /opt/airflow/dags/listing_Variant14_Rocket.py for tasks to queue
[2026-04-04T07:39:54.159+0000] {logging_mixin.py:188} INFO - [2026-04-04T07:39:54.159+0000] {dagbag.py:538} INFO - Filling up the DagBag from /opt/airflow/dags/listing_Variant14_Rocket.py
[2026-04-04T07:39:54.185+0000] {processor.py:840} INFO - DAG(s) 'download_rocket_launch_v14' retrieved from /opt/airflow/dags/listing_Variant14_Rocket.py
[2026-04-04T07:39:54.207+0000] {logging_mixin.py:188} INFO - [2026-04-04T07:39:54.207+0000] {dag.py:3036} INFO - Sync 1 DAGs
[2026-04-04T07:39:54.223+0000] {logging_mixin.py:188} INFO - [2026-04-04T07:39:54.223+0000] {dag.py:3823} INFO - Setting next_dagrun for download_rocket_launch_v14 to 2026-04-04 00:00:00+00:00, run_after=2026-04-05 00:00:00+00:00
[2026-04-04T07:39:54.243+0000] {processor.py:183} INFO - Processing /opt/airflow/dags/listing_Variant14_Rocket.py took 0.089 seconds
[2026-04-04T07:40:24.471+0000] {processor.py:161} INFO - Started process (PID=688) to work on /opt/airflow/dags/listing_Variant14_Rocket.py
[2026-04-04T07:40:24.472+0000] {processor.py:830} INFO - Processing file /opt/airflow/dags/listing_Variant14_Rocket.py for tasks to queue
[2026-04-04T07:40:24.473+0000] {logging_mixin.py:188} INFO - [2026-04-04T07:40:24.473+0000] {dagbag.py:538} INFO - Filling up the DagBag from /opt/airflow/dags/listing_Variant14_Rocket.py
[2026-04-04T07:40:24.488+0000] {processor.py:840} INFO - DAG(s) 'download_rocket_launch_v14' retrieved from /opt/airflow/dags/listing_Variant14_Rocket.py
[2026-04-04T07:40:24.512+0000] {logging_mixin.py:188} INFO - [2026-04-04T07:40:24.511+0000] {dag.py:3036} INFO - Sync 1 DAGs
[2026-04-04T07:40:24.535+0000] {logging_mixin.py:188} INFO - [2026-04-04T07:40:24.535+0000] {dag.py:3823} INFO - Setting next_dagrun for download_rocket_launch_v14 to 2026-04-04 00:00:00+00:00, run_after=2026-04-05 00:00:00+00:00
[2026-04-04T07:40:24.554+0000] {processor.py:183} INFO - Processing /opt/airflow/dags/listing_Variant14_Rocket.py took 0.085 seconds
[2026-04-04T07:40:54.748+0000] {processor.py:161} INFO - Started process (PID=698) to work on /opt/airflow/dags/listing_Variant14_Rocket.py
[2026-04-04T07:40:54.749+0000] {processor.py:830} INFO - Processing file /opt/airflow/dags/listing_Variant14_Rocket.py for tasks to queue
[2026-04-04T07:40:54.750+0000] {logging_mixin.py:188} INFO - [2026-04-04T07:40:54.750+0000] {dagbag.py:538} INFO - Filling up the DagBag from /opt/airflow/dags/listing_Variant14_Rocket.py
[2026-04-04T07:40:54.767+0000] {processor.py:840} INFO - DAG(s) 'download_rocket_launch_v14' retrieved from /opt/airflow/dags/listing_Variant14_Rocket.py
[2026-04-04T07:40:54.797+0000] {logging_mixin.py:188} INFO - [2026-04-04T07:40:54.796+0000] {dag.py:3036} INFO - Sync 1 DAGs
[2026-04-04T07:40:54.815+0000] {logging_mixin.py:188} INFO - [2026-04-04T07:40:54.814+0000] {dag.py:3823} INFO - Setting next_dagrun for download_rocket_launch_v14 to 2026-04-04 00:00:00+00:00, run_after=2026-04-05 00:00:00+00:00
[2026-04-04T07:40:54.832+0000] {processor.py:183} INFO - Processing /opt/airflow/dags/listing_Variant14_Rocket.py took 0.086 seconds
[2026-04-04T07:41:25.155+0000] {processor.py:161} INFO - Started process (PID=713) to work on /opt/airflow/dags/listing_Variant14_Rocket.py
[2026-04-04T07:41:25.157+0000] {processor.py:830} INFO - Processing file /opt/airflow/dags/listing_Variant14_Rocket.py for tasks to queue
[2026-04-04T07:41:25.158+0000] {logging_mixin.py:188} INFO - [2026-04-04T07:41:25.157+0000] {dagbag.py:538} INFO - Filling up the DagBag from /opt/airflow/dags/listing_Variant14_Rocket.py
[2026-04-04T07:41:25.189+0000] {processor.py:840} INFO - DAG(s) 'download_rocket_launch_v14' retrieved from /opt/airflow/dags/listing_Variant14_Rocket.py
[2026-04-04T07:41:25.213+0000] {logging_mixin.py:188} INFO - [2026-04-04T07:41:25.213+0000] {dag.py:3036} INFO - Sync 1 DAGs
[2026-04-04T07:41:25.228+0000] {logging_mixin.py:188} INFO - [2026-04-04T07:41:25.228+0000] {dag.py:3823} INFO - Setting next_dagrun for download_rocket_launch_v14 to 2026-04-04 00:00:00+00:00, run_after=2026-04-05 00:00:00+00:00
[2026-04-04T07:41:25.254+0000] {processor.py:183} INFO - Processing /opt/airflow/dags/listing_Variant14_Rocket.py took 0.102 seconds
[2026-04-04T07:41:55.494+0000] {processor.py:161} INFO - Started process (PID=723) to work on /opt/airflow/dags/listing_Variant14_Rocket.py
[2026-04-04T07:41:55.495+0000] {processor.py:830} INFO - Processing file /opt/airflow/dags/listing_Variant14_Rocket.py for tasks to queue
[2026-04-04T07:41:55.496+0000] {logging_mixin.py:188} INFO - [2026-04-04T07:41:55.495+0000] {dagbag.py:538} INFO - Filling up the DagBag from /opt/airflow/dags/listing_Variant14_Rocket.py
[2026-04-04T07:41:55.511+0000] {processor.py:840} INFO - DAG(s) 'download_rocket_launch_v14' retrieved from /opt/airflow/dags/listing_Variant14_Rocket.py
[2026-04-04T07:41:55.536+0000] {logging_mixin.py:188} INFO - [2026-04-04T07:41:55.535+0000] {dag.py:3036} INFO - Sync 1 DAGs
[2026-04-04T07:41:55.554+0000] {logging_mixin.py:188} INFO - [2026-04-04T07:41:55.553+0000] {dag.py:3823} INFO - Setting next_dagrun for download_rocket_launch_v14 to 2026-04-04 00:00:00+00:00, run_after=2026-04-05 00:00:00+00:00
[2026-04-04T07:41:55.570+0000] {processor.py:183} INFO - Processing /opt/airflow/dags/listing_Variant14_Rocket.py took 0.079 seconds
[2026-04-04T07:42:25.925+0000] {processor.py:161} INFO - Started process (PID=733) to work on /opt/airflow/dags/listing_Variant14_Rocket.py
[2026-04-04T07:42:25.926+0000] {processor.py:830} INFO - Processing file /opt/airflow/dags/listing_Variant14_Rocket.py for tasks to queue
[2026-04-04T07:42:25.927+0000] {logging_mixin.py:188} INFO - [2026-04-04T07:42:25.927+0000] {dagbag.py:538} INFO - Filling up the DagBag from /opt/airflow/dags/listing_Variant14_Rocket.py
[2026-04-04T07:42:25.941+0000] {processor.py:840} INFO - DAG(s) 'download_rocket_launch_v14' retrieved from /opt/airflow/dags/listing_Variant14_Rocket.py
[2026-04-04T07:42:25.960+0000] {logging_mixin.py:188} INFO - [2026-04-04T07:42:25.960+0000] {dag.py:3036} INFO - Sync 1 DAGs
[2026-04-04T07:42:25.973+0000] {logging_mixin.py:188} INFO - [2026-04-04T07:42:25.973+0000] {dag.py:3823} INFO - Setting next_dagrun for download_rocket_launch_v14 to 2026-04-04 00:00:00+00:00, run_after=2026-04-05 00:00:00+00:00
[2026-04-04T07:42:25.984+0000] {processor.py:183} INFO - Processing /opt/airflow/dags/listing_Variant14_Rocket.py took 0.062 seconds
[2026-04-04T07:42:56.288+0000] {processor.py:161} INFO - Started process (PID=748) to work on /opt/airflow/dags/listing_Variant14_Rocket.py
[2026-04-04T07:42:56.289+0000] {processor.py:830} INFO - Processing file /opt/airflow/dags/listing_Variant14_Rocket.py for tasks to queue
[2026-04-04T07:42:56.291+0000] {logging_mixin.py:188} INFO - [2026-04-04T07:42:56.291+0000] {dagbag.py:538} INFO - Filling up the DagBag from /opt/airflow/dags/listing_Variant14_Rocket.py
[2026-04-04T07:42:56.343+0000] {processor.py:840} INFO - DAG(s) 'download_rocket_launch_v14' retrieved from /opt/airflow/dags/listing_Variant14_Rocket.py
[2026-04-04T07:42:56.370+0000] {logging_mixin.py:188} INFO - [2026-04-04T07:42:56.370+0000] {dag.py:3036} INFO - Sync 1 DAGs
[2026-04-04T07:42:56.386+0000] {logging_mixin.py:188} INFO - [2026-04-04T07:42:56.386+0000] {dag.py:3823} INFO - Setting next_dagrun for download_rocket_launch_v14 to 2026-04-04 00:00:00+00:00, run_after=2026-04-05 00:00:00+00:00
[2026-04-04T07:42:56.404+0000] {processor.py:183} INFO - Processing /opt/airflow/dags/listing_Variant14_Rocket.py took 0.121 seconds
[2026-04-04T07:43:26.540+0000] {processor.py:161} INFO - Started process (PID=758) to work on /opt/airflow/dags/listing_Variant14_Rocket.py
[2026-04-04T07:43:26.541+0000] {processor.py:830} INFO - Processing file /opt/airflow/dags/listing_Variant14_Rocket.py for tasks to queue
[2026-04-04T07:43:26.542+0000] {logging_mixin.py:188} INFO - [2026-04-04T07:43:26.541+0000] {dagbag.py:538} INFO - Filling up the DagBag from /opt/airflow/dags/listing_Variant14_Rocket.py
[2026-04-04T07:43:26.561+0000] {processor.py:840} INFO - DAG(s) 'download_rocket_launch_v14' retrieved from /opt/airflow/dags/listing_Variant14_Rocket.py
[2026-04-04T07:43:26.585+0000] {logging_mixin.py:188} INFO - [2026-04-04T07:43:26.585+0000] {dag.py:3036} INFO - Sync 1 DAGs
[2026-04-04T07:43:26.603+0000] {logging_mixin.py:188} INFO - [2026-04-04T07:43:26.603+0000] {dag.py:3823} INFO - Setting next_dagrun for download_rocket_launch_v14 to 2026-04-04 00:00:00+00:00, run_after=2026-04-05 00:00:00+00:00
[2026-04-04T07:43:26.620+0000] {processor.py:183} INFO - Processing /opt/airflow/dags/listing_Variant14_Rocket.py took 0.083 seconds
[2026-04-04T07:43:56.909+0000] {processor.py:161} INFO - Started process (PID=773) to work on /opt/airflow/dags/listing_Variant14_Rocket.py
[2026-04-04T07:43:56.910+0000] {processor.py:830} INFO - Processing file /opt/airflow/dags/listing_Variant14_Rocket.py for tasks to queue
[2026-04-04T07:43:56.911+0000] {logging_mixin.py:188} INFO - [2026-04-04T07:43:56.910+0000] {dagbag.py:538} INFO - Filling up the DagBag from /opt/airflow/dags/listing_Variant14_Rocket.py
[2026-04-04T07:43:56.924+0000] {processor.py:840} INFO - DAG(s) 'download_rocket_launch_v14' retrieved from /opt/airflow/dags/listing_Variant14_Rocket.py
[2026-04-04T07:43:56.948+0000] {logging_mixin.py:188} INFO - [2026-04-04T07:43:56.947+0000] {dag.py:3036} INFO - Sync 1 DAGs
[2026-04-04T07:43:56.963+0000] {logging_mixin.py:188} INFO - [2026-04-04T07:43:56.963+0000] {dag.py:3823} INFO - Setting next_dagrun for download_rocket_launch_v14 to 2026-04-04 00:00:00+00:00, run_after=2026-04-05 00:00:00+00:00
[2026-04-04T07:43:56.986+0000] {processor.py:183} INFO - Processing /opt/airflow/dags/listing_Variant14_Rocket.py took 0.080 seconds
[2026-04-04T07:44:27.326+0000] {processor.py:161} INFO - Started process (PID=783) to work on /opt/airflow/dags/listing_Variant14_Rocket.py
[2026-04-04T07:44:27.327+0000] {processor.py:830} INFO - Processing file /opt/airflow/dags/listing_Variant14_Rocket.py for tasks to queue
[2026-04-04T07:44:27.328+0000] {logging_mixin.py:188} INFO - [2026-04-04T07:44:27.327+0000] {dagbag.py:538} INFO - Filling up the DagBag from /opt/airflow/dags/listing_Variant14_Rocket.py
[2026-04-04T07:44:27.345+0000] {processor.py:840} INFO - DAG(s) 'download_rocket_launch_v14' retrieved from /opt/airflow/dags/listing_Variant14_Rocket.py
[2026-04-04T07:44:27.368+0000] {logging_mixin.py:188} INFO - [2026-04-04T07:44:27.367+0000] {dag.py:3036} INFO - Sync 1 DAGs
[2026-04-04T07:44:27.383+0000] {logging_mixin.py:188} INFO - [2026-04-04T07:44:27.383+0000] {dag.py:3823} INFO - Setting next_dagrun for download_rocket_launch_v14 to 2026-04-04 00:00:00+00:00, run_after=2026-04-05 00:00:00+00:00
[2026-04-04T07:44:27.407+0000] {processor.py:183} INFO - Processing /opt/airflow/dags/listing_Variant14_Rocket.py took 0.083 seconds
[2026-04-04T07:44:57.673+0000] {processor.py:161} INFO - Started process (PID=793) to work on /opt/airflow/dags/listing_Variant14_Rocket.py
[2026-04-04T07:44:57.674+0000] {processor.py:830} INFO - Processing file /opt/airflow/dags/listing_Variant14_Rocket.py for tasks to queue
[2026-04-04T07:44:57.675+0000] {logging_mixin.py:188} INFO - [2026-04-04T07:44:57.675+0000] {dagbag.py:538} INFO - Filling up the DagBag from /opt/airflow/dags/listing_Variant14_Rocket.py
[2026-04-04T07:44:57.700+0000] {processor.py:840} INFO - DAG(s) 'download_rocket_launch_v14' retrieved from /opt/airflow/dags/listing_Variant14_Rocket.py
[2026-04-04T07:44:57.723+0000] {logging_mixin.py:188} INFO - [2026-04-04T07:44:57.722+0000] {dag.py:3036} INFO - Sync 1 DAGs
[2026-04-04T07:44:57.739+0000] {logging_mixin.py:188} INFO - [2026-04-04T07:44:57.739+0000] {dag.py:3823} INFO - Setting next_dagrun for download_rocket_launch_v14 to 2026-04-04 00:00:00+00:00, run_after=2026-04-05 00:00:00+00:00
[2026-04-04T07:44:57.756+0000] {processor.py:183} INFO - Processing /opt/airflow/dags/listing_Variant14_Rocket.py took 0.086 seconds
[2026-04-04T07:45:27.956+0000] {processor.py:161} INFO - Started process (PID=808) to work on /opt/airflow/dags/listing_Variant14_Rocket.py
[2026-04-04T07:45:27.957+0000] {processor.py:830} INFO - Processing file /opt/airflow/dags/listing_Variant14_Rocket.py for tasks to queue
[2026-04-04T07:45:27.958+0000] {logging_mixin.py:188} INFO - [2026-04-04T07:45:27.958+0000] {dagbag.py:538} INFO - Filling up the DagBag from /opt/airflow/dags/listing_Variant14_Rocket.py
[2026-04-04T07:45:27.978+0000] {processor.py:840} INFO - DAG(s) 'download_rocket_launch_v14' retrieved from /opt/airflow/dags/listing_Variant14_Rocket.py
[2026-04-04T07:45:28.005+0000] {logging_mixin.py:188} INFO - [2026-04-04T07:45:28.005+0000] {dag.py:3036} INFO - Sync 1 DAGs
[2026-04-04T07:45:28.026+0000] {logging_mixin.py:188} INFO - [2026-04-04T07:45:28.026+0000] {dag.py:3823} INFO - Setting next_dagrun for download_rocket_launch_v14 to 2026-04-04 00:00:00+00:00, run_after=2026-04-05 00:00:00+00:00
[2026-04-04T07:45:28.042+0000] {processor.py:183} INFO - Processing /opt/airflow/dags/listing_Variant14_Rocket.py took 0.089 seconds
[2026-04-04T07:45:58.249+0000] {processor.py:161} INFO - Started process (PID=818) to work on /opt/airflow/dags/listing_Variant14_Rocket.py
[2026-04-04T07:45:58.250+0000] {processor.py:830} INFO - Processing file /opt/airflow/dags/listing_Variant14_Rocket.py for tasks to queue
[2026-04-04T07:45:58.251+0000] {logging_mixin.py:188} INFO - [2026-04-04T07:45:58.251+0000] {dagbag.py:538} INFO - Filling up the DagBag from /opt/airflow/dags/listing_Variant14_Rocket.py
[2026-04-04T07:45:58.266+0000] {processor.py:840} INFO - DAG(s) 'download_rocket_launch_v14' retrieved from /opt/airflow/dags/listing_Variant14_Rocket.py
[2026-04-04T07:45:58.288+0000] {logging_mixin.py:188} INFO - [2026-04-04T07:45:58.288+0000] {dag.py:3036} INFO - Sync 1 DAGs
[2026-04-04T07:45:58.309+0000] {logging_mixin.py:188} INFO - [2026-04-04T07:45:58.309+0000] {dag.py:3823} INFO - Setting next_dagrun for download_rocket_launch_v14 to 2026-04-04 00:00:00+00:00, run_after=2026-04-05 00:00:00+00:00
[2026-04-04T07:45:58.322+0000] {processor.py:183} INFO - Processing /opt/airflow/dags/listing_Variant14_Rocket.py took 0.076 seconds
[2026-04-04T07:46:28.555+0000] {processor.py:161} INFO - Started process (PID=833) to work on /opt/airflow/dags/listing_Variant14_Rocket.py
[2026-04-04T07:46:28.556+0000] {processor.py:830} INFO - Processing file /opt/airflow/dags/listing_Variant14_Rocket.py for tasks to queue
[2026-04-04T07:46:28.557+0000] {logging_mixin.py:188} INFO - [2026-04-04T07:46:28.556+0000] {dagbag.py:538} INFO - Filling up the DagBag from /opt/airflow/dags/listing_Variant14_Rocket.py
[2026-04-04T07:46:28.578+0000] {processor.py:840} INFO - DAG(s) 'download_rocket_launch_v14' retrieved from /opt/airflow/dags/listing_Variant14_Rocket.py
[2026-04-04T07:46:28.606+0000] {logging_mixin.py:188} INFO - [2026-04-04T07:46:28.606+0000] {dag.py:3036} INFO - Sync 1 DAGs
[2026-04-04T07:46:28.626+0000] {logging_mixin.py:188} INFO - [2026-04-04T07:46:28.625+0000] {dag.py:3823} INFO - Setting next_dagrun for download_rocket_launch_v14 to 2026-04-04 00:00:00+00:00, run_after=2026-04-05 00:00:00+00:00
[2026-04-04T07:46:28.643+0000] {processor.py:183} INFO - Processing /opt/airflow/dags/listing_Variant14_Rocket.py took 0.093 seconds
[2026-04-04T07:46:58.888+0000] {processor.py:161} INFO - Started process (PID=843) to work on /opt/airflow/dags/listing_Variant14_Rocket.py
[2026-04-04T07:46:58.888+0000] {processor.py:830} INFO - Processing file /opt/airflow/dags/listing_Variant14_Rocket.py for tasks to queue
[2026-04-04T07:46:58.889+0000] {logging_mixin.py:188} INFO - [2026-04-04T07:46:58.889+0000] {dagbag.py:538} INFO - Filling up the DagBag from /opt/airflow/dags/listing_Variant14_Rocket.py
[2026-04-04T07:46:58.905+0000] {processor.py:840} INFO - DAG(s) 'download_rocket_launch_v14' retrieved from /opt/airflow/dags/listing_Variant14_Rocket.py
[2026-04-04T07:46:58.926+0000] {logging_mixin.py:188} INFO - [2026-04-04T07:46:58.926+0000] {dag.py:3036} INFO - Sync 1 DAGs
[2026-04-04T07:46:58.942+0000] {logging_mixin.py:188} INFO - [2026-04-04T07:46:58.941+0000] {dag.py:3823} INFO - Setting next_dagrun for download_rocket_launch_v14 to 2026-04-04 00:00:00+00:00, run_after=2026-04-05 00:00:00+00:00
[2026-04-04T07:46:58.954+0000] {processor.py:183} INFO - Processing /opt/airflow/dags/listing_Variant14_Rocket.py took 0.069 seconds
[2026-04-04T07:47:29.158+0000] {processor.py:161} INFO - Started process (PID=857) to work on /opt/airflow/dags/listing_Variant14_Rocket.py
[2026-04-04T07:47:29.159+0000] {processor.py:830} INFO - Processing file /opt/airflow/dags/listing_Variant14_Rocket.py for tasks to queue
[2026-04-04T07:47:29.160+0000] {logging_mixin.py:188} INFO - [2026-04-04T07:47:29.160+0000] {dagbag.py:538} INFO - Filling up the DagBag from /opt/airflow/dags/listing_Variant14_Rocket.py
[2026-04-04T07:47:29.179+0000] {processor.py:840} INFO - DAG(s) 'download_rocket_launch_v14' retrieved from /opt/airflow/dags/listing_Variant14_Rocket.py
[2026-04-04T07:47:29.202+0000] {logging_mixin.py:188} INFO - [2026-04-04T07:47:29.202+0000] {dag.py:3036} INFO - Sync 1 DAGs
[2026-04-04T07:47:29.221+0000] {logging_mixin.py:188} INFO - [2026-04-04T07:47:29.221+0000] {dag.py:3823} INFO - Setting next_dagrun for download_rocket_launch_v14 to 2026-04-04 00:00:00+00:00, run_after=2026-04-05 00:00:00+00:00
[2026-04-04T07:47:29.236+0000] {processor.py:183} INFO - Processing /opt/airflow/dags/listing_Variant14_Rocket.py took 0.080 seconds
[2026-04-04T07:47:59.507+0000] {processor.py:161} INFO - Started process (PID=867) to work on /opt/airflow/dags/listing_Variant14_Rocket.py
[2026-04-04T07:47:59.508+0000] {processor.py:830} INFO - Processing file /opt/airflow/dags/listing_Variant14_Rocket.py for tasks to queue
[2026-04-04T07:47:59.509+0000] {logging_mixin.py:188} INFO - [2026-04-04T07:47:59.509+0000] {dagbag.py:538} INFO - Filling up the DagBag from /opt/airflow/dags/listing_Variant14_Rocket.py
[2026-04-04T07:47:59.529+0000] {processor.py:840} INFO - DAG(s) 'download_rocket_launch_v14' retrieved from /opt/airflow/dags/listing_Variant14_Rocket.py
[2026-04-04T07:47:59.551+0000] {logging_mixin.py:188} INFO - [2026-04-04T07:47:59.551+0000] {dag.py:3036} INFO - Sync 1 DAGs
[2026-04-04T07:47:59.568+0000] {logging_mixin.py:188} INFO - [2026-04-04T07:47:59.568+0000] {dag.py:3823} INFO - Setting next_dagrun for download_rocket_launch_v14 to 2026-04-04 00:00:00+00:00, run_after=2026-04-05 00:00:00+00:00
[2026-04-04T07:47:59.583+0000] {processor.py:183} INFO - Processing /opt/airflow/dags/listing_Variant14_Rocket.py took 0.079 seconds
[2026-04-04T07:48:29.772+0000] {processor.py:161} INFO - Started process (PID=902) to work on /opt/airflow/dags/listing_Variant14_Rocket.py
[2026-04-04T07:48:29.773+0000] {processor.py:830} INFO - Processing file /opt/airflow/dags/listing_Variant14_Rocket.py for tasks to queue
[2026-04-04T07:48:29.775+0000] {logging_mixin.py:188} INFO - [2026-04-04T07:48:29.774+0000] {dagbag.py:538} INFO - Filling up the DagBag from /opt/airflow/dags/listing_Variant14_Rocket.py
[2026-04-04T07:48:29.792+0000] {processor.py:840} INFO - DAG(s) 'download_rocket_launch_v14' retrieved from /opt/airflow/dags/listing_Variant14_Rocket.py
[2026-04-04T07:48:29.816+0000] {logging_mixin.py:188} INFO - [2026-04-04T07:48:29.816+0000] {dag.py:3036} INFO - Sync 1 DAGs
[2026-04-04T07:48:29.834+0000] {logging_mixin.py:188} INFO - [2026-04-04T07:48:29.834+0000] {dag.py:3823} INFO - Setting next_dagrun for download_rocket_launch_v14 to 2026-04-04 00:00:00+00:00, run_after=2026-04-05 00:00:00+00:00
[2026-04-04T07:48:29.849+0000] {processor.py:183} INFO - Processing /opt/airflow/dags/listing_Variant14_Rocket.py took 0.079 seconds
[2026-04-04T07:49:00.084+0000] {processor.py:161} INFO - Started process (PID=912) to work on /opt/airflow/dags/listing_Variant14_Rocket.py
[2026-04-04T07:49:00.085+0000] {processor.py:830} INFO - Processing file /opt/airflow/dags/listing_Variant14_Rocket.py for tasks to queue
[2026-04-04T07:49:00.087+0000] {logging_mixin.py:188} INFO - [2026-04-04T07:49:00.086+0000] {dagbag.py:538} INFO - Filling up the DagBag from /opt/airflow/dags/listing_Variant14_Rocket.py
[2026-04-04T07:49:00.119+0000] {processor.py:840} INFO - DAG(s) 'download_rocket_launch_v14' retrieved from /opt/airflow/dags/listing_Variant14_Rocket.py
[2026-04-04T07:49:00.144+0000] {logging_mixin.py:188} INFO - [2026-04-04T07:49:00.144+0000] {dag.py:3036} INFO - Sync 1 DAGs
[2026-04-04T07:49:00.162+0000] {logging_mixin.py:188} INFO - [2026-04-04T07:49:00.162+0000] {dag.py:3823} INFO - Setting next_dagrun for download_rocket_launch_v14 to 2026-04-04 00:00:00+00:00, run_after=2026-04-05 00:00:00+00:00
[2026-04-04T07:49:00.180+0000] {processor.py:183} INFO - Processing /opt/airflow/dags/listing_Variant14_Rocket.py took 0.099 seconds
[2026-04-04T07:49:30.455+0000] {processor.py:161} INFO - Started process (PID=922) to work on /opt/airflow/dags/listing_Variant14_Rocket.py
[2026-04-04T07:49:30.456+0000] {processor.py:830} INFO - Processing file /opt/airflow/dags/listing_Variant14_Rocket.py for tasks to queue
[2026-04-04T07:49:30.458+0000] {logging_mixin.py:188} INFO - [2026-04-04T07:49:30.457+0000] {dagbag.py:538} INFO - Filling up the DagBag from /opt/airflow/dags/listing_Variant14_Rocket.py
[2026-04-04T07:49:30.480+0000] {processor.py:840} INFO - DAG(s) 'download_rocket_launch_v14' retrieved from /opt/airflow/dags/listing_Variant14_Rocket.py
[2026-04-04T07:49:30.508+0000] {logging_mixin.py:188} INFO - [2026-04-04T07:49:30.508+0000] {dag.py:3036} INFO - Sync 1 DAGs
[2026-04-04T07:49:30.529+0000] {logging_mixin.py:188} INFO - [2026-04-04T07:49:30.528+0000] {dag.py:3823} INFO - Setting next_dagrun for download_rocket_launch_v14 to 2026-04-04 00:00:00+00:00, run_after=2026-04-05 00:00:00+00:00
[2026-04-04T07:49:30.546+0000] {processor.py:183} INFO - Processing /opt/airflow/dags/listing_Variant14_Rocket.py took 0.095 seconds
[2026-04-04T07:50:00.888+0000] {processor.py:161} INFO - Started process (PID=932) to work on /opt/airflow/dags/listing_Variant14_Rocket.py
[2026-04-04T07:50:00.889+0000] {processor.py:830} INFO - Processing file /opt/airflow/dags/listing_Variant14_Rocket.py for tasks to queue
[2026-04-04T07:50:00.890+0000] {logging_mixin.py:188} INFO - [2026-04-04T07:50:00.890+0000] {dagbag.py:538} INFO - Filling up the DagBag from /opt/airflow/dags/listing_Variant14_Rocket.py
[2026-04-04T07:50:00.918+0000] {processor.py:840} INFO - DAG(s) 'download_rocket_launch_v14' retrieved from /opt/airflow/dags/listing_Variant14_Rocket.py
[2026-04-04T07:50:00.947+0000] {logging_mixin.py:188} INFO - [2026-04-04T07:50:00.947+0000] {dag.py:3036} INFO - Sync 1 DAGs
[2026-04-04T07:50:00.966+0000] {logging_mixin.py:188} INFO - [2026-04-04T07:50:00.966+0000] {dag.py:3823} INFO - Setting next_dagrun for download_rocket_launch_v14 to 2026-04-04 00:00:00+00:00, run_after=2026-04-05 00:00:00+00:00
[2026-04-04T07:50:00.984+0000] {processor.py:183} INFO - Processing /opt/airflow/dags/listing_Variant14_Rocket.py took 0.099 seconds
[2026-04-04T07:50:31.245+0000] {processor.py:161} INFO - Started process (PID=942) to work on /opt/airflow/dags/listing_Variant14_Rocket.py
[2026-04-04T07:50:31.246+0000] {processor.py:830} INFO - Processing file /opt/airflow/dags/listing_Variant14_Rocket.py for tasks to queue
[2026-04-04T07:50:31.247+0000] {logging_mixin.py:188} INFO - [2026-04-04T07:50:31.247+0000] {dagbag.py:538} INFO - Filling up the DagBag from /opt/airflow/dags/listing_Variant14_Rocket.py
[2026-04-04T07:50:31.263+0000] {processor.py:840} INFO - DAG(s) 'download_rocket_launch_v14' retrieved from /opt/airflow/dags/listing_Variant14_Rocket.py
[2026-04-04T07:50:31.286+0000] {logging_mixin.py:188} INFO - [2026-04-04T07:50:31.285+0000] {dag.py:3036} INFO - Sync 1 DAGs
[2026-04-04T07:50:31.301+0000] {logging_mixin.py:188} INFO - [2026-04-04T07:50:31.301+0000] {dag.py:3823} INFO - Setting next_dagrun for download_rocket_launch_v14 to 2026-04-04 00:00:00+00:00, run_after=2026-04-05 00:00:00+00:00
[2026-04-04T07:50:31.314+0000] {processor.py:183} INFO - Processing /opt/airflow/dags/listing_Variant14_Rocket.py took 0.072 seconds
[2026-04-04T07:51:01.556+0000] {processor.py:161} INFO - Started process (PID=957) to work on /opt/airflow/dags/listing_Variant14_Rocket.py
[2026-04-04T07:51:01.557+0000] {processor.py:830} INFO - Processing file /opt/airflow/dags/listing_Variant14_Rocket.py for tasks to queue
[2026-04-04T07:51:01.558+0000] {logging_mixin.py:188} INFO - [2026-04-04T07:51:01.558+0000] {dagbag.py:538} INFO - Filling up the DagBag from /opt/airflow/dags/listing_Variant14_Rocket.py
[2026-04-04T07:51:01.578+0000] {processor.py:840} INFO - DAG(s) 'download_rocket_launch_v14' retrieved from /opt/airflow/dags/listing_Variant14_Rocket.py
[2026-04-04T07:51:01.601+0000] {logging_mixin.py:188} INFO - [2026-04-04T07:51:01.601+0000] {dag.py:3036} INFO - Sync 1 DAGs
[2026-04-04T07:51:01.618+0000] {logging_mixin.py:188} INFO - [2026-04-04T07:51:01.618+0000] {dag.py:3823} INFO - Setting next_dagrun for download_rocket_launch_v14 to 2026-04-04 00:00:00+00:00, run_after=2026-04-05 00:00:00+00:00
[2026-04-04T07:51:01.635+0000] {processor.py:183} INFO - Processing /opt/airflow/dags/listing_Variant14_Rocket.py took 0.082 seconds
[2026-04-04T07:51:31.880+0000] {processor.py:161} INFO - Started process (PID=967) to work on /opt/airflow/dags/listing_Variant14_Rocket.py
[2026-04-04T07:51:31.881+0000] {processor.py:830} INFO - Processing file /opt/airflow/dags/listing_Variant14_Rocket.py for tasks to queue
[2026-04-04T07:51:31.883+0000] {logging_mixin.py:188} INFO - [2026-04-04T07:51:31.882+0000] {dagbag.py:538} INFO - Filling up the DagBag from /opt/airflow/dags/listing_Variant14_Rocket.py
[2026-04-04T07:51:31.901+0000] {processor.py:840} INFO - DAG(s) 'download_rocket_launch_v14' retrieved from /opt/airflow/dags/listing_Variant14_Rocket.py
[2026-04-04T07:51:31.925+0000] {logging_mixin.py:188} INFO - [2026-04-04T07:51:31.925+0000] {dag.py:3036} INFO - Sync 1 DAGs
[2026-04-04T07:51:31.944+0000] {logging_mixin.py:188} INFO - [2026-04-04T07:51:31.944+0000] {dag.py:3823} INFO - Setting next_dagrun for download_rocket_launch_v14 to 2026-04-04 00:00:00+00:00, run_after=2026-04-05 00:00:00+00:00
[2026-04-04T07:51:31.962+0000] {processor.py:183} INFO - Processing /opt/airflow/dags/listing_Variant14_Rocket.py took 0.084 seconds
[2026-04-04T07:52:02.267+0000] {processor.py:161} INFO - Started process (PID=977) to work on /opt/airflow/dags/listing_Variant14_Rocket.py
[2026-04-04T07:52:02.268+0000] {processor.py:830} INFO - Processing file /opt/airflow/dags/listing_Variant14_Rocket.py for tasks to queue
[2026-04-04T07:52:02.269+0000] {logging_mixin.py:188} INFO - [2026-04-04T07:52:02.269+0000] {dagbag.py:538} INFO - Filling up the DagBag from /opt/airflow/dags/listing_Variant14_Rocket.py
[2026-04-04T07:52:02.284+0000] {processor.py:840} INFO - DAG(s) 'download_rocket_launch_v14' retrieved from /opt/airflow/dags/listing_Variant14_Rocket.py
[2026-04-04T07:52:02.306+0000] {logging_mixin.py:188} INFO - [2026-04-04T07:52:02.305+0000] {dag.py:3036} INFO - Sync 1 DAGs
[2026-04-04T07:52:02.321+0000] {logging_mixin.py:188} INFO - [2026-04-04T07:52:02.321+0000] {dag.py:3823} INFO - Setting next_dagrun for download_rocket_launch_v14 to 2026-04-04 00:00:00+00:00, run_after=2026-04-05 00:00:00+00:00
[2026-04-04T07:52:02.333+0000] {processor.py:183} INFO - Processing /opt/airflow/dags/listing_Variant14_Rocket.py took 0.068 seconds
[2026-04-04T07:52:32.536+0000] {processor.py:161} INFO - Started process (PID=987) to work on /opt/airflow/dags/listing_Variant14_Rocket.py
[2026-04-04T07:52:32.537+0000] {processor.py:830} INFO - Processing file /opt/airflow/dags/listing_Variant14_Rocket.py for tasks to queue
[2026-04-04T07:52:32.538+0000] {logging_mixin.py:188} INFO - [2026-04-04T07:52:32.537+0000] {dagbag.py:538} INFO - Filling up the DagBag from /opt/airflow/dags/listing_Variant14_Rocket.py
[2026-04-04T07:52:32.554+0000] {processor.py:840} INFO - DAG(s) 'download_rocket_launch_v14' retrieved from /opt/airflow/dags/listing_Variant14_Rocket.py
[2026-04-04T07:52:32.579+0000] {logging_mixin.py:188} INFO - [2026-04-04T07:52:32.579+0000] {dag.py:3036} INFO - Sync 1 DAGs
[2026-04-04T07:52:32.597+0000] {logging_mixin.py:188} INFO - [2026-04-04T07:52:32.597+0000] {dag.py:3823} INFO - Setting next_dagrun for download_rocket_launch_v14 to 2026-04-04 00:00:00+00:00, run_after=2026-04-05 00:00:00+00:00
[2026-04-04T07:52:32.612+0000] {processor.py:183} INFO - Processing /opt/airflow/dags/listing_Variant14_Rocket.py took 0.078 seconds
[2026-04-04T07:53:02.922+0000] {processor.py:161} INFO - Started process (PID=997) to work on /opt/airflow/dags/listing_Variant14_Rocket.py
[2026-04-04T07:53:02.923+0000] {processor.py:830} INFO - Processing file /opt/airflow/dags/listing_Variant14_Rocket.py for tasks to queue
[2026-04-04T07:53:02.924+0000] {logging_mixin.py:188} INFO - [2026-04-04T07:53:02.924+0000] {dagbag.py:538} INFO - Filling up the DagBag from /opt/airflow/dags/listing_Variant14_Rocket.py
[2026-04-04T07:53:02.942+0000] {processor.py:840} INFO - DAG(s) 'download_rocket_launch_v14' retrieved from /opt/airflow/dags/listing_Variant14_Rocket.py
[2026-04-04T07:53:02.965+0000] {logging_mixin.py:188} INFO - [2026-04-04T07:53:02.965+0000] {dag.py:3036} INFO - Sync 1 DAGs
[2026-04-04T07:53:02.986+0000] {logging_mixin.py:188} INFO - [2026-04-04T07:53:02.985+0000] {dag.py:3823} INFO - Setting next_dagrun for download_rocket_launch_v14 to 2026-04-04 00:00:00+00:00, run_after=2026-04-05 00:00:00+00:00
[2026-04-04T07:53:03.007+0000] {processor.py:183} INFO - Processing /opt/airflow/dags/listing_Variant14_Rocket.py took 0.088 seconds
[2026-04-04T07:53:33.261+0000] {processor.py:161} INFO - Started process (PID=1012) to work on /opt/airflow/dags/listing_Variant14_Rocket.py
[2026-04-04T07:53:33.262+0000] {processor.py:830} INFO - Processing file /opt/airflow/dags/listing_Variant14_Rocket.py for tasks to queue
[2026-04-04T07:53:33.263+0000] {logging_mixin.py:188} INFO - [2026-04-04T07:53:33.263+0000] {dagbag.py:538} INFO - Filling up the DagBag from /opt/airflow/dags/listing_Variant14_Rocket.py
[2026-04-04T07:53:33.303+0000] {processor.py:840} INFO - DAG(s) 'download_rocket_launch_v14' retrieved from /opt/airflow/dags/listing_Variant14_Rocket.py
[2026-04-04T07:53:33.331+0000] {logging_mixin.py:188} INFO - [2026-04-04T07:53:33.331+0000] {dag.py:3036} INFO - Sync 1 DAGs
[2026-04-04T07:53:33.349+0000] {logging_mixin.py:188} INFO - [2026-04-04T07:53:33.349+0000] {dag.py:3823} INFO - Setting next_dagrun for download_rocket_launch_v14 to 2026-04-04 00:00:00+00:00, run_after=2026-04-05 00:00:00+00:00
[2026-04-04T07:53:33.363+0000] {processor.py:183} INFO - Processing /opt/airflow/dags/listing_Variant14_Rocket.py took 0.104 seconds
[2026-04-04T07:54:03.615+0000] {processor.py:161} INFO - Started process (PID=1022) to work on /opt/airflow/dags/listing_Variant14_Rocket.py
[2026-04-04T07:54:03.637+0000] {processor.py:830} INFO - Processing file /opt/airflow/dags/listing_Variant14_Rocket.py for tasks to queue
[2026-04-04T07:54:03.638+0000] {logging_mixin.py:188} INFO - [2026-04-04T07:54:03.637+0000] {dagbag.py:538} INFO - Filling up the DagBag from /opt/airflow/dags/listing_Variant14_Rocket.py
[2026-04-04T07:54:03.660+0000] {processor.py:840} INFO - DAG(s) 'download_rocket_launch_v14' retrieved from /opt/airflow/dags/listing_Variant14_Rocket.py
[2026-04-04T07:54:03.688+0000] {logging_mixin.py:188} INFO - [2026-04-04T07:54:03.687+0000] {dag.py:3036} INFO - Sync 1 DAGs
[2026-04-04T07:54:03.708+0000] {logging_mixin.py:188} INFO - [2026-04-04T07:54:03.708+0000] {dag.py:3823} INFO - Setting next_dagrun for download_rocket_launch_v14 to 2026-04-04 00:00:00+00:00, run_after=2026-04-05 00:00:00+00:00
[2026-04-04T07:54:03.729+0000] {processor.py:183} INFO - Processing /opt/airflow/dags/listing_Variant14_Rocket.py took 0.117 seconds
[2026-04-04T07:54:33.972+0000] {processor.py:161} INFO - Started process (PID=1034) to work on /opt/airflow/dags/listing_Variant14_Rocket.py
[2026-04-04T07:54:33.973+0000] {processor.py:830} INFO - Processing file /opt/airflow/dags/listing_Variant14_Rocket.py for tasks to queue
[2026-04-04T07:54:33.975+0000] {logging_mixin.py:188} INFO - [2026-04-04T07:54:33.974+0000] {dagbag.py:538} INFO - Filling up the DagBag from /opt/airflow/dags/listing_Variant14_Rocket.py
[2026-04-04T07:54:33.995+0000] {processor.py:840} INFO - DAG(s) 'download_rocket_launch_v14' retrieved from /opt/airflow/dags/listing_Variant14_Rocket.py
[2026-04-04T07:54:34.017+0000] {logging_mixin.py:188} INFO - [2026-04-04T07:54:34.017+0000] {dag.py:3036} INFO - Sync 1 DAGs
[2026-04-04T07:54:34.034+0000] {logging_mixin.py:188} INFO - [2026-04-04T07:54:34.033+0000] {dag.py:3823} INFO - Setting next_dagrun for download_rocket_launch_v14 to 2026-04-04 00:00:00+00:00, run_after=2026-04-05 00:00:00+00:00
[2026-04-04T07:54:34.051+0000] {processor.py:183} INFO - Processing /opt/airflow/dags/listing_Variant14_Rocket.py took 0.081 seconds
[2026-04-04T07:55:04.374+0000] {processor.py:161} INFO - Started process (PID=1061) to work on /opt/airflow/dags/listing_Variant14_Rocket.py
[2026-04-04T07:55:04.375+0000] {processor.py:830} INFO - Processing file /opt/airflow/dags/listing_Variant14_Rocket.py for tasks to queue
[2026-04-04T07:55:04.376+0000] {logging_mixin.py:188} INFO - [2026-04-04T07:55:04.376+0000] {dagbag.py:538} INFO - Filling up the DagBag from /opt/airflow/dags/listing_Variant14_Rocket.py
[2026-04-04T07:55:04.396+0000] {processor.py:840} INFO - DAG(s) 'download_rocket_launch_v14' retrieved from /opt/airflow/dags/listing_Variant14_Rocket.py
[2026-04-04T07:55:04.419+0000] {logging_mixin.py:188} INFO - [2026-04-04T07:55:04.419+0000] {dag.py:3036} INFO - Sync 1 DAGs
[2026-04-04T07:55:04.437+0000] {logging_mixin.py:188} INFO - [2026-04-04T07:55:04.437+0000] {dag.py:3823} INFO - Setting next_dagrun for download_rocket_launch_v14 to 2026-04-04 00:00:00+00:00, run_after=2026-04-05 00:00:00+00:00
[2026-04-04T07:55:04.452+0000] {processor.py:183} INFO - Processing /opt/airflow/dags/listing_Variant14_Rocket.py took 0.081 seconds
[2026-04-04T07:55:34.737+0000] {processor.py:161} INFO - Started process (PID=1071) to work on /opt/airflow/dags/listing_Variant14_Rocket.py
[2026-04-04T07:55:34.738+0000] {processor.py:830} INFO - Processing file /opt/airflow/dags/listing_Variant14_Rocket.py for tasks to queue
[2026-04-04T07:55:34.739+0000] {logging_mixin.py:188} INFO - [2026-04-04T07:55:34.739+0000] {dagbag.py:538} INFO - Filling up the DagBag from /opt/airflow/dags/listing_Variant14_Rocket.py
[2026-04-04T07:55:34.764+0000] {processor.py:840} INFO - DAG(s) 'download_rocket_launch_v14' retrieved from /opt/airflow/dags/listing_Variant14_Rocket.py
[2026-04-04T07:55:34.805+0000] {logging_mixin.py:188} INFO - [2026-04-04T07:55:34.805+0000] {dag.py:3036} INFO - Sync 1 DAGs
[2026-04-04T07:55:34.825+0000] {logging_mixin.py:188} INFO - [2026-04-04T07:55:34.825+0000] {dag.py:3823} INFO - Setting next_dagrun for download_rocket_launch_v14 to 2026-04-04 00:00:00+00:00, run_after=2026-04-05 00:00:00+00:00
[2026-04-04T07:55:34.841+0000] {processor.py:183} INFO - Processing /opt/airflow/dags/listing_Variant14_Rocket.py took 0.107 seconds
[2026-04-04T07:56:05.219+0000] {processor.py:161} INFO - Started process (PID=1081) to work on /opt/airflow/dags/listing_Variant14_Rocket.py
[2026-04-04T07:56:05.220+0000] {processor.py:830} INFO - Processing file /opt/airflow/dags/listing_Variant14_Rocket.py for tasks to queue
[2026-04-04T07:56:05.221+0000] {logging_mixin.py:188} INFO - [2026-04-04T07:56:05.221+0000] {dagbag.py:538} INFO - Filling up the DagBag from /opt/airflow/dags/listing_Variant14_Rocket.py
[2026-04-04T07:56:05.239+0000] {processor.py:840} INFO - DAG(s) 'download_rocket_launch_v14' retrieved from /opt/airflow/dags/listing_Variant14_Rocket.py
[2026-04-04T07:56:05.261+0000] {logging_mixin.py:188} INFO - [2026-04-04T07:56:05.261+0000] {dag.py:3036} INFO - Sync 1 DAGs
[2026-04-04T07:56:05.279+0000] {logging_mixin.py:188} INFO - [2026-04-04T07:56:05.279+0000] {dag.py:3823} INFO - Setting next_dagrun for download_rocket_launch_v14 to 2026-04-04 00:00:00+00:00, run_after=2026-04-05 00:00:00+00:00
[2026-04-04T07:56:05.294+0000] {processor.py:183} INFO - Processing /opt/airflow/dags/listing_Variant14_Rocket.py took 0.077 seconds
[2026-04-04T07:56:35.612+0000] {processor.py:161} INFO - Started process (PID=1091) to work on /opt/airflow/dags/listing_Variant14_Rocket.py
[2026-04-04T07:56:35.613+0000] {processor.py:830} INFO - Processing file /opt/airflow/dags/listing_Variant14_Rocket.py for tasks to queue
[2026-04-04T07:56:35.614+0000] {logging_mixin.py:188} INFO - [2026-04-04T07:56:35.614+0000] {dagbag.py:538} INFO - Filling up the DagBag from /opt/airflow/dags/listing_Variant14_Rocket.py
[2026-04-04T07:56:35.632+0000] {processor.py:840} INFO - DAG(s) 'download_rocket_launch_v14' retrieved from /opt/airflow/dags/listing_Variant14_Rocket.py
[2026-04-04T07:56:35.656+0000] {logging_mixin.py:188} INFO - [2026-04-04T07:56:35.655+0000] {dag.py:3036} INFO - Sync 1 DAGs
[2026-04-04T07:56:35.674+0000] {logging_mixin.py:188} INFO - [2026-04-04T07:56:35.674+0000] {dag.py:3823} INFO - Setting next_dagrun for download_rocket_launch_v14 to 2026-04-04 00:00:00+00:00, run_after=2026-04-05 00:00:00+00:00
[2026-04-04T07:56:35.692+0000] {processor.py:183} INFO - Processing /opt/airflow/dags/listing_Variant14_Rocket.py took 0.084 seconds
[2026-04-04T07:57:06.035+0000] {processor.py:161} INFO - Started process (PID=1101) to work on /opt/airflow/dags/listing_Variant14_Rocket.py
[2026-04-04T07:57:06.036+0000] {processor.py:830} INFO - Processing file /opt/airflow/dags/listing_Variant14_Rocket.py for tasks to queue
[2026-04-04T07:57:06.037+0000] {logging_mixin.py:188} INFO - [2026-04-04T07:57:06.036+0000] {dagbag.py:538} INFO - Filling up the DagBag from /opt/airflow/dags/listing_Variant14_Rocket.py
[2026-04-04T07:57:06.064+0000] {processor.py:840} INFO - DAG(s) 'download_rocket_launch_v14' retrieved from /opt/airflow/dags/listing_Variant14_Rocket.py
[2026-04-04T07:57:06.087+0000] {logging_mixin.py:188} INFO - [2026-04-04T07:57:06.087+0000] {dag.py:3036} INFO - Sync 1 DAGs
[2026-04-04T07:57:06.103+0000] {logging_mixin.py:188} INFO - [2026-04-04T07:57:06.103+0000] {dag.py:3823} INFO - Setting next_dagrun for download_rocket_launch_v14 to 2026-04-04 00:00:00+00:00, run_after=2026-04-05 00:00:00+00:00
[2026-04-04T07:57:06.121+0000] {processor.py:183} INFO - Processing /opt/airflow/dags/listing_Variant14_Rocket.py took 0.092 seconds
[2026-04-04T07:57:36.489+0000] {processor.py:161} INFO - Started process (PID=1116) to work on /opt/airflow/dags/listing_Variant14_Rocket.py
[2026-04-04T07:57:36.490+0000] {processor.py:830} INFO - Processing file /opt/airflow/dags/listing_Variant14_Rocket.py for tasks to queue
[2026-04-04T07:57:36.491+0000] {logging_mixin.py:188} INFO - [2026-04-04T07:57:36.491+0000] {dagbag.py:538} INFO - Filling up the DagBag from /opt/airflow/dags/listing_Variant14_Rocket.py
[2026-04-04T07:57:36.512+0000] {processor.py:840} INFO - DAG(s) 'download_rocket_launch_v14' retrieved from /opt/airflow/dags/listing_Variant14_Rocket.py
[2026-04-04T07:57:36.535+0000] {logging_mixin.py:188} INFO - [2026-04-04T07:57:36.534+0000] {dag.py:3036} INFO - Sync 1 DAGs
[2026-04-04T07:57:36.551+0000] {logging_mixin.py:188} INFO - [2026-04-04T07:57:36.550+0000] {dag.py:3823} INFO - Setting next_dagrun for download_rocket_launch_v14 to 2026-04-04 00:00:00+00:00, run_after=2026-04-05 00:00:00+00:00
[2026-04-04T07:57:36.564+0000] {processor.py:183} INFO - Processing /opt/airflow/dags/listing_Variant14_Rocket.py took 0.078 seconds
[2026-04-04T07:58:06.894+0000] {processor.py:161} INFO - Started process (PID=1131) to work on /opt/airflow/dags/listing_Variant14_Rocket.py
[2026-04-04T07:58:06.895+0000] {processor.py:830} INFO - Processing file /opt/airflow/dags/listing_Variant14_Rocket.py for tasks to queue
[2026-04-04T07:58:06.896+0000] {logging_mixin.py:188} INFO - [2026-04-04T07:58:06.895+0000] {dagbag.py:538} INFO - Filling up the DagBag from /opt/airflow/dags/listing_Variant14_Rocket.py
[2026-04-04T07:58:06.911+0000] {processor.py:840} INFO - DAG(s) 'download_rocket_launch_v14' retrieved from /opt/airflow/dags/listing_Variant14_Rocket.py
[2026-04-04T07:58:06.935+0000] {logging_mixin.py:188} INFO - [2026-04-04T07:58:06.935+0000] {dag.py:3036} INFO - Sync 1 DAGs
[2026-04-04T07:58:06.952+0000] {logging_mixin.py:188} INFO - [2026-04-04T07:58:06.951+0000] {dag.py:3823} INFO - Setting next_dagrun for download_rocket_launch_v14 to 2026-04-04 00:00:00+00:00, run_after=2026-04-05 00:00:00+00:00
[2026-04-04T07:58:06.967+0000] {processor.py:183} INFO - Processing /opt/airflow/dags/listing_Variant14_Rocket.py took 0.076 seconds
[2026-04-04T07:58:37.365+0000] {processor.py:161} INFO - Started process (PID=1146) to work on /opt/airflow/dags/listing_Variant14_Rocket.py
[2026-04-04T07:58:37.366+0000] {processor.py:830} INFO - Processing file /opt/airflow/dags/listing_Variant14_Rocket.py for tasks to queue
[2026-04-04T07:58:37.367+0000] {logging_mixin.py:188} INFO - [2026-04-04T07:58:37.367+0000] {dagbag.py:538} INFO - Filling up the DagBag from /opt/airflow/dags/listing_Variant14_Rocket.py
[2026-04-04T07:58:37.385+0000] {processor.py:840} INFO - DAG(s) 'download_rocket_launch_v14' retrieved from /opt/airflow/dags/listing_Variant14_Rocket.py
[2026-04-04T07:58:37.412+0000] {logging_mixin.py:188} INFO - [2026-04-04T07:58:37.412+0000] {dag.py:3036} INFO - Sync 1 DAGs
[2026-04-04T07:58:37.430+0000] {logging_mixin.py:188} INFO - [2026-04-04T07:58:37.430+0000] {dag.py:3823} INFO - Setting next_dagrun for download_rocket_launch_v14 to 2026-04-04 00:00:00+00:00, run_after=2026-04-05 00:00:00+00:00
[2026-04-04T07:58:37.446+0000] {processor.py:183} INFO - Processing /opt/airflow/dags/listing_Variant14_Rocket.py took 0.084 seconds
[2026-04-04T07:59:07.761+0000] {processor.py:161} INFO - Started process (PID=1161) to work on /opt/airflow/dags/listing_Variant14_Rocket.py
[2026-04-04T07:59:07.763+0000] {processor.py:830} INFO - Processing file /opt/airflow/dags/listing_Variant14_Rocket.py for tasks to queue
[2026-04-04T07:59:07.764+0000] {logging_mixin.py:188} INFO - [2026-04-04T07:59:07.764+0000] {dagbag.py:538} INFO - Filling up the DagBag from /opt/airflow/dags/listing_Variant14_Rocket.py
[2026-04-04T07:59:07.781+0000] {processor.py:840} INFO - DAG(s) 'download_rocket_launch_v14' retrieved from /opt/airflow/dags/listing_Variant14_Rocket.py
[2026-04-04T07:59:07.804+0000] {logging_mixin.py:188} INFO - [2026-04-04T07:59:07.804+0000] {dag.py:3036} INFO - Sync 1 DAGs
[2026-04-04T07:59:07.820+0000] {logging_mixin.py:188} INFO - [2026-04-04T07:59:07.820+0000] {dag.py:3823} INFO - Setting next_dagrun for download_rocket_launch_v14 to 2026-04-04 00:00:00+00:00, run_after=2026-04-05 00:00:00+00:00
[2026-04-04T07:59:07.837+0000] {processor.py:183} INFO - Processing /opt/airflow/dags/listing_Variant14_Rocket.py took 0.079 seconds
[2026-04-04T07:59:23.157+0000] {processor.py:161} INFO - Started process (PID=1166) to work on /opt/airflow/dags/listing_Variant14_Rocket.py
[2026-04-04T07:59:23.159+0000] {processor.py:830} INFO - Processing file /opt/airflow/dags/listing_Variant14_Rocket.py for tasks to queue
[2026-04-04T07:59:23.160+0000] {logging_mixin.py:188} INFO - [2026-04-04T07:59:23.159+0000] {dagbag.py:538} INFO - Filling up the DagBag from /opt/airflow/dags/listing_Variant14_Rocket.py
[2026-04-04T07:59:23.203+0000] {processor.py:840} INFO - DAG(s) 'download_rocket_launch_v14' retrieved from /opt/airflow/dags/listing_Variant14_Rocket.py
[2026-04-04T07:59:23.316+0000] {logging_mixin.py:188} INFO - [2026-04-04T07:59:23.316+0000] {dag.py:3036} INFO - Sync 1 DAGs
[2026-04-04T07:59:23.346+0000] {logging_mixin.py:188} INFO - [2026-04-04T07:59:23.346+0000] {dag.py:3823} INFO - Setting next_dagrun for download_rocket_launch_v14 to 2026-04-04 00:00:00+00:00, run_after=2026-04-05 00:00:00+00:00
[2026-04-04T07:59:23.511+0000] {processor.py:183} INFO - Processing /opt/airflow/dags/listing_Variant14_Rocket.py took 0.358 seconds
[2026-04-04T07:59:53.602+0000] {processor.py:161} INFO - Started process (PID=1181) to work on /opt/airflow/dags/listing_Variant14_Rocket.py
[2026-04-04T07:59:53.603+0000] {processor.py:830} INFO - Processing file /opt/airflow/dags/listing_Variant14_Rocket.py for tasks to queue
[2026-04-04T07:59:53.605+0000] {logging_mixin.py:188} INFO - [2026-04-04T07:59:53.604+0000] {dagbag.py:538} INFO - Filling up the DagBag from /opt/airflow/dags/listing_Variant14_Rocket.py
[2026-04-04T07:59:53.628+0000] {processor.py:840} INFO - DAG(s) 'download_rocket_launch_v14' retrieved from /opt/airflow/dags/listing_Variant14_Rocket.py
[2026-04-04T07:59:53.655+0000] {logging_mixin.py:188} INFO - [2026-04-04T07:59:53.655+0000] {dag.py:3036} INFO - Sync 1 DAGs
[2026-04-04T07:59:53.672+0000] {logging_mixin.py:188} INFO - [2026-04-04T07:59:53.672+0000] {dag.py:3823} INFO - Setting next_dagrun for download_rocket_launch_v14 to 2026-04-04 00:00:00+00:00, run_after=2026-04-05 00:00:00+00:00
[2026-04-04T07:59:53.688+0000] {processor.py:183} INFO - Processing /opt/airflow/dags/listing_Variant14_Rocket.py took 0.089 seconds
[2026-04-04T08:00:23.919+0000] {processor.py:161} INFO - Started process (PID=1210) to work on /opt/airflow/dags/listing_Variant14_Rocket.py
[2026-04-04T08:00:23.920+0000] {processor.py:830} INFO - Processing file /opt/airflow/dags/listing_Variant14_Rocket.py for tasks to queue
[2026-04-04T08:00:23.921+0000] {logging_mixin.py:188} INFO - [2026-04-04T08:00:23.921+0000] {dagbag.py:538} INFO - Filling up the DagBag from /opt/airflow/dags/listing_Variant14_Rocket.py
[2026-04-04T08:00:23.938+0000] {processor.py:840} INFO - DAG(s) 'download_rocket_launch_v14' retrieved from /opt/airflow/dags/listing_Variant14_Rocket.py
[2026-04-04T08:00:23.962+0000] {logging_mixin.py:188} INFO - [2026-04-04T08:00:23.962+0000] {dag.py:3036} INFO - Sync 1 DAGs
[2026-04-04T08:00:23.982+0000] {logging_mixin.py:188} INFO - [2026-04-04T08:00:23.981+0000] {dag.py:3823} INFO - Setting next_dagrun for download_rocket_launch_v14 to 2026-04-04 00:00:00+00:00, run_after=2026-04-05 00:00:00+00:00
[2026-04-04T08:00:23.995+0000] {processor.py:183} INFO - Processing /opt/airflow/dags/listing_Variant14_Rocket.py took 0.079 seconds
[2026-04-04T08:00:54.374+0000] {processor.py:161} INFO - Started process (PID=1220) to work on /opt/airflow/dags/listing_Variant14_Rocket.py
[2026-04-04T08:00:54.375+0000] {processor.py:830} INFO - Processing file /opt/airflow/dags/listing_Variant14_Rocket.py for tasks to queue
[2026-04-04T08:00:54.375+0000] {logging_mixin.py:188} INFO - [2026-04-04T08:00:54.375+0000] {dagbag.py:538} INFO - Filling up the DagBag from /opt/airflow/dags/listing_Variant14_Rocket.py
[2026-04-04T08:00:54.392+0000] {processor.py:840} INFO - DAG(s) 'download_rocket_launch_v14' retrieved from /opt/airflow/dags/listing_Variant14_Rocket.py
[2026-04-04T08:00:54.415+0000] {logging_mixin.py:188} INFO - [2026-04-04T08:00:54.415+0000] {dag.py:3036} INFO - Sync 1 DAGs
[2026-04-04T08:00:54.431+0000] {logging_mixin.py:188} INFO - [2026-04-04T08:00:54.431+0000] {dag.py:3823} INFO - Setting next_dagrun for download_rocket_launch_v14 to 2026-04-04 00:00:00+00:00, run_after=2026-04-05 00:00:00+00:00
[2026-04-04T08:00:54.445+0000] {processor.py:183} INFO - Processing /opt/airflow/dags/listing_Variant14_Rocket.py took 0.074 seconds
[2026-04-04T08:01:24.873+0000] {processor.py:161} INFO - Started process (PID=1230) to work on /opt/airflow/dags/listing_Variant14_Rocket.py
[2026-04-04T08:01:24.874+0000] {processor.py:830} INFO - Processing file /opt/airflow/dags/listing_Variant14_Rocket.py for tasks to queue
[2026-04-04T08:01:24.875+0000] {logging_mixin.py:188} INFO - [2026-04-04T08:01:24.875+0000] {dagbag.py:538} INFO - Filling up the DagBag from /opt/airflow/dags/listing_Variant14_Rocket.py
[2026-04-04T08:01:24.893+0000] {processor.py:840} INFO - DAG(s) 'download_rocket_launch_v14' retrieved from /opt/airflow/dags/listing_Variant14_Rocket.py
[2026-04-04T08:01:24.916+0000] {logging_mixin.py:188} INFO - [2026-04-04T08:01:24.916+0000] {dag.py:3036} INFO - Sync 1 DAGs
[2026-04-04T08:01:24.933+0000] {logging_mixin.py:188} INFO - [2026-04-04T08:01:24.933+0000] {dag.py:3823} INFO - Setting next_dagrun for download_rocket_launch_v14 to 2026-04-04 00:00:00+00:00, run_after=2026-04-05 00:00:00+00:00
[2026-04-04T08:01:24.948+0000] {processor.py:183} INFO - Processing /opt/airflow/dags/listing_Variant14_Rocket.py took 0.077 seconds
[2026-04-04T08:01:55.180+0000] {processor.py:161} INFO - Started process (PID=1240) to work on /opt/airflow/dags/listing_Variant14_Rocket.py
[2026-04-04T08:01:55.181+0000] {processor.py:830} INFO - Processing file /opt/airflow/dags/listing_Variant14_Rocket.py for tasks to queue
[2026-04-04T08:01:55.181+0000] {logging_mixin.py:188} INFO - [2026-04-04T08:01:55.181+0000] {dagbag.py:538} INFO - Filling up the DagBag from /opt/airflow/dags/listing_Variant14_Rocket.py
[2026-04-04T08:01:55.199+0000] {processor.py:840} INFO - DAG(s) 'download_rocket_launch_v14' retrieved from /opt/airflow/dags/listing_Variant14_Rocket.py
[2026-04-04T08:01:55.222+0000] {logging_mixin.py:188} INFO - [2026-04-04T08:01:55.222+0000] {dag.py:3036} INFO - Sync 1 DAGs
[2026-04-04T08:01:55.238+0000] {logging_mixin.py:188} INFO - [2026-04-04T08:01:55.238+0000] {dag.py:3823} INFO - Setting next_dagrun for download_rocket_launch_v14 to 2026-04-04 00:00:00+00:00, run_after=2026-04-05 00:00:00+00:00
[2026-04-04T08:01:55.253+0000] {processor.py:183} INFO - Processing /opt/airflow/dags/listing_Variant14_Rocket.py took 0.076 seconds
[2026-04-04T08:02:25.620+0000] {processor.py:161} INFO - Started process (PID=1250) to work on /opt/airflow/dags/listing_Variant14_Rocket.py
[2026-04-04T08:02:25.621+0000] {processor.py:830} INFO - Processing file /opt/airflow/dags/listing_Variant14_Rocket.py for tasks to queue
[2026-04-04T08:02:25.622+0000] {logging_mixin.py:188} INFO - [2026-04-04T08:02:25.622+0000] {dagbag.py:538} INFO - Filling up the DagBag from /opt/airflow/dags/listing_Variant14_Rocket.py
[2026-04-04T08:02:25.651+0000] {processor.py:840} INFO - DAG(s) 'download_rocket_launch_v14' retrieved from /opt/airflow/dags/listing_Variant14_Rocket.py
[2026-04-04T08:02:25.676+0000] {logging_mixin.py:188} INFO - [2026-04-04T08:02:25.676+0000] {dag.py:3036} INFO - Sync 1 DAGs
[2026-04-04T08:02:25.698+0000] {logging_mixin.py:188} INFO - [2026-04-04T08:02:25.698+0000] {dag.py:3823} INFO - Setting next_dagrun for download_rocket_launch_v14 to 2026-04-04 00:00:00+00:00, run_after=2026-04-05 00:00:00+00:00
[2026-04-04T08:02:25.717+0000] {processor.py:183} INFO - Processing /opt/airflow/dags/listing_Variant14_Rocket.py took 0.100 seconds
[2026-04-04T08:02:56.057+0000] {processor.py:161} INFO - Started process (PID=1260) to work on /opt/airflow/dags/listing_Variant14_Rocket.py
[2026-04-04T08:02:56.059+0000] {processor.py:830} INFO - Processing file /opt/airflow/dags/listing_Variant14_Rocket.py for tasks to queue
[2026-04-04T08:02:56.059+0000] {logging_mixin.py:188} INFO - [2026-04-04T08:02:56.059+0000] {dagbag.py:538} INFO - Filling up the DagBag from /opt/airflow/dags/listing_Variant14_Rocket.py
[2026-04-04T08:02:56.076+0000] {processor.py:840} INFO - DAG(s) 'download_rocket_launch_v14' retrieved from /opt/airflow/dags/listing_Variant14_Rocket.py
[2026-04-04T08:02:56.098+0000] {logging_mixin.py:188} INFO - [2026-04-04T08:02:56.098+0000] {dag.py:3036} INFO - Sync 1 DAGs
[2026-04-04T08:02:56.114+0000] {logging_mixin.py:188} INFO - [2026-04-04T08:02:56.114+0000] {dag.py:3823} INFO - Setting next_dagrun for download_rocket_launch_v14 to 2026-04-04 00:00:00+00:00, run_after=2026-04-05 00:00:00+00:00
[2026-04-04T08:02:56.129+0000] {processor.py:183} INFO - Processing /opt/airflow/dags/listing_Variant14_Rocket.py took 0.074 seconds
[2026-04-04T08:03:26.537+0000] {processor.py:161} INFO - Started process (PID=1275) to work on /opt/airflow/dags/listing_Variant14_Rocket.py
[2026-04-04T08:03:26.538+0000] {processor.py:830} INFO - Processing file /opt/airflow/dags/listing_Variant14_Rocket.py for tasks to queue
[2026-04-04T08:03:26.539+0000] {logging_mixin.py:188} INFO - [2026-04-04T08:03:26.538+0000] {dagbag.py:538} INFO - Filling up the DagBag from /opt/airflow/dags/listing_Variant14_Rocket.py
[2026-04-04T08:03:26.555+0000] {processor.py:840} INFO - DAG(s) 'download_rocket_launch_v14' retrieved from /opt/airflow/dags/listing_Variant14_Rocket.py
[2026-04-04T08:03:26.576+0000] {logging_mixin.py:188} INFO - [2026-04-04T08:03:26.576+0000] {dag.py:3036} INFO - Sync 1 DAGs
[2026-04-04T08:03:26.593+0000] {logging_mixin.py:188} INFO - [2026-04-04T08:03:26.593+0000] {dag.py:3823} INFO - Setting next_dagrun for download_rocket_launch_v14 to 2026-04-04 00:00:00+00:00, run_after=2026-04-05 00:00:00+00:00
[2026-04-04T08:03:26.605+0000] {processor.py:183} INFO - Processing /opt/airflow/dags/listing_Variant14_Rocket.py took 0.070 seconds
[2026-04-04T08:03:56.947+0000] {processor.py:161} INFO - Started process (PID=1285) to work on /opt/airflow/dags/listing_Variant14_Rocket.py
[2026-04-04T08:03:56.948+0000] {processor.py:830} INFO - Processing file /opt/airflow/dags/listing_Variant14_Rocket.py for tasks to queue
[2026-04-04T08:03:56.948+0000] {logging_mixin.py:188} INFO - [2026-04-04T08:03:56.948+0000] {dagbag.py:538} INFO - Filling up the DagBag from /opt/airflow/dags/listing_Variant14_Rocket.py
[2026-04-04T08:03:56.969+0000] {processor.py:840} INFO - DAG(s) 'download_rocket_launch_v14' retrieved from /opt/airflow/dags/listing_Variant14_Rocket.py
[2026-04-04T08:03:56.991+0000] {logging_mixin.py:188} INFO - [2026-04-04T08:03:56.990+0000] {dag.py:3036} INFO - Sync 1 DAGs
[2026-04-04T08:03:57.007+0000] {logging_mixin.py:188} INFO - [2026-04-04T08:03:57.006+0000] {dag.py:3823} INFO - Setting next_dagrun for download_rocket_launch_v14 to 2026-04-04 00:00:00+00:00, run_after=2026-04-05 00:00:00+00:00
[2026-04-04T08:03:57.020+0000] {processor.py:183} INFO - Processing /opt/airflow/dags/listing_Variant14_Rocket.py took 0.075 seconds
[2026-04-04T08:04:27.451+0000] {processor.py:161} INFO - Started process (PID=1295) to work on /opt/airflow/dags/listing_Variant14_Rocket.py
[2026-04-04T08:04:27.452+0000] {processor.py:830} INFO - Processing file /opt/airflow/dags/listing_Variant14_Rocket.py for tasks to queue
[2026-04-04T08:04:27.452+0000] {logging_mixin.py:188} INFO - [2026-04-04T08:04:27.452+0000] {dagbag.py:538} INFO - Filling up the DagBag from /opt/airflow/dags/listing_Variant14_Rocket.py
[2026-04-04T08:04:27.471+0000] {processor.py:840} INFO - DAG(s) 'download_rocket_launch_v14' retrieved from /opt/airflow/dags/listing_Variant14_Rocket.py
[2026-04-04T08:04:27.492+0000] {logging_mixin.py:188} INFO - [2026-04-04T08:04:27.492+0000] {dag.py:3036} INFO - Sync 1 DAGs
[2026-04-04T08:04:27.508+0000] {logging_mixin.py:188} INFO - [2026-04-04T08:04:27.508+0000] {dag.py:3823} INFO - Setting next_dagrun for download_rocket_launch_v14 to 2026-04-04 00:00:00+00:00, run_after=2026-04-05 00:00:00+00:00
[2026-04-04T08:04:27.520+0000] {processor.py:183} INFO - Processing /opt/airflow/dags/listing_Variant14_Rocket.py took 0.072 seconds
[2026-04-04T08:04:57.887+0000] {processor.py:161} INFO - Started process (PID=1310) to work on /opt/airflow/dags/listing_Variant14_Rocket.py
[2026-04-04T08:04:57.888+0000] {processor.py:830} INFO - Processing file /opt/airflow/dags/listing_Variant14_Rocket.py for tasks to queue
[2026-04-04T08:04:57.889+0000] {logging_mixin.py:188} INFO - [2026-04-04T08:04:57.888+0000] {dagbag.py:538} INFO - Filling up the DagBag from /opt/airflow/dags/listing_Variant14_Rocket.py
[2026-04-04T08:04:57.905+0000] {processor.py:840} INFO - DAG(s) 'download_rocket_launch_v14' retrieved from /opt/airflow/dags/listing_Variant14_Rocket.py
[2026-04-04T08:04:57.926+0000] {logging_mixin.py:188} INFO - [2026-04-04T08:04:57.926+0000] {dag.py:3036} INFO - Sync 1 DAGs
[2026-04-04T08:04:57.942+0000] {logging_mixin.py:188} INFO - [2026-04-04T08:04:57.942+0000] {dag.py:3823} INFO - Setting next_dagrun for download_rocket_launch_v14 to 2026-04-04 00:00:00+00:00, run_after=2026-04-05 00:00:00+00:00
[2026-04-04T08:04:57.956+0000] {processor.py:183} INFO - Processing /opt/airflow/dags/listing_Variant14_Rocket.py took 0.072 seconds
[2026-04-04T08:05:28.229+0000] {processor.py:161} INFO - Started process (PID=1320) to work on /opt/airflow/dags/listing_Variant14_Rocket.py
[2026-04-04T08:05:28.230+0000] {processor.py:830} INFO - Processing file /opt/airflow/dags/listing_Variant14_Rocket.py for tasks to queue
[2026-04-04T08:05:28.231+0000] {logging_mixin.py:188} INFO - [2026-04-04T08:05:28.231+0000] {dagbag.py:538} INFO - Filling up the DagBag from /opt/airflow/dags/listing_Variant14_Rocket.py
[2026-04-04T08:05:28.254+0000] {processor.py:840} INFO - DAG(s) 'download_rocket_launch_v14' retrieved from /opt/airflow/dags/listing_Variant14_Rocket.py
[2026-04-04T08:05:28.279+0000] {logging_mixin.py:188} INFO - [2026-04-04T08:05:28.279+0000] {dag.py:3036} INFO - Sync 1 DAGs
[2026-04-04T08:05:28.298+0000] {logging_mixin.py:188} INFO - [2026-04-04T08:05:28.298+0000] {dag.py:3823} INFO - Setting next_dagrun for download_rocket_launch_v14 to 2026-04-04 00:00:00+00:00, run_after=2026-04-05 00:00:00+00:00
[2026-04-04T08:05:28.314+0000] {processor.py:183} INFO - Processing /opt/airflow/dags/listing_Variant14_Rocket.py took 0.087 seconds
[2026-04-04T08:05:58.592+0000] {processor.py:161} INFO - Started process (PID=1330) to work on /opt/airflow/dags/listing_Variant14_Rocket.py
[2026-04-04T08:05:58.594+0000] {processor.py:830} INFO - Processing file /opt/airflow/dags/listing_Variant14_Rocket.py for tasks to queue
[2026-04-04T08:05:58.595+0000] {logging_mixin.py:188} INFO - [2026-04-04T08:05:58.594+0000] {dagbag.py:538} INFO - Filling up the DagBag from /opt/airflow/dags/listing_Variant14_Rocket.py
[2026-04-04T08:05:58.615+0000] {processor.py:840} INFO - DAG(s) 'download_rocket_launch_v14' retrieved from /opt/airflow/dags/listing_Variant14_Rocket.py
[2026-04-04T08:05:58.640+0000] {logging_mixin.py:188} INFO - [2026-04-04T08:05:58.640+0000] {dag.py:3036} INFO - Sync 1 DAGs
[2026-04-04T08:05:58.658+0000] {logging_mixin.py:188} INFO - [2026-04-04T08:05:58.658+0000] {dag.py:3823} INFO - Setting next_dagrun for download_rocket_launch_v14 to 2026-04-04 00:00:00+00:00, run_after=2026-04-05 00:00:00+00:00
[2026-04-04T08:05:58.676+0000] {processor.py:183} INFO - Processing /opt/airflow/dags/listing_Variant14_Rocket.py took 0.086 seconds
[2026-04-04T08:06:28.883+0000] {processor.py:161} INFO - Started process (PID=1340) to work on /opt/airflow/dags/listing_Variant14_Rocket.py
[2026-04-04T08:06:28.884+0000] {processor.py:830} INFO - Processing file /opt/airflow/dags/listing_Variant14_Rocket.py for tasks to queue
[2026-04-04T08:06:28.886+0000] {logging_mixin.py:188} INFO - [2026-04-04T08:06:28.885+0000] {dagbag.py:538} INFO - Filling up the DagBag from /opt/airflow/dags/listing_Variant14_Rocket.py
[2026-04-04T08:06:28.906+0000] {processor.py:840} INFO - DAG(s) 'download_rocket_launch_v14' retrieved from /opt/airflow/dags/listing_Variant14_Rocket.py
[2026-04-04T08:06:28.930+0000] {logging_mixin.py:188} INFO - [2026-04-04T08:06:28.930+0000] {dag.py:3036} INFO - Sync 1 DAGs
[2026-04-04T08:06:28.950+0000] {logging_mixin.py:188} INFO - [2026-04-04T08:06:28.949+0000] {dag.py:3823} INFO - Setting next_dagrun for download_rocket_launch_v14 to 2026-04-04 00:00:00+00:00, run_after=2026-04-05 00:00:00+00:00
[2026-04-04T08:06:28.966+0000] {processor.py:183} INFO - Processing /opt/airflow/dags/listing_Variant14_Rocket.py took 0.086 seconds
[2026-04-04T08:06:59.093+0000] {processor.py:161} INFO - Started process (PID=1350) to work on /opt/airflow/dags/listing_Variant14_Rocket.py
[2026-04-04T08:06:59.094+0000] {processor.py:830} INFO - Processing file /opt/airflow/dags/listing_Variant14_Rocket.py for tasks to queue
[2026-04-04T08:06:59.095+0000] {logging_mixin.py:188} INFO - [2026-04-04T08:06:59.095+0000] {dagbag.py:538} INFO - Filling up the DagBag from /opt/airflow/dags/listing_Variant14_Rocket.py
[2026-04-04T08:06:59.113+0000] {processor.py:840} INFO - DAG(s) 'download_rocket_launch_v14' retrieved from /opt/airflow/dags/listing_Variant14_Rocket.py
[2026-04-04T08:06:59.139+0000] {logging_mixin.py:188} INFO - [2026-04-04T08:06:59.139+0000] {dag.py:3036} INFO - Sync 1 DAGs
[2026-04-04T08:06:59.156+0000] {logging_mixin.py:188} INFO - [2026-04-04T08:06:59.156+0000] {dag.py:3823} INFO - Setting next_dagrun for download_rocket_launch_v14 to 2026-04-04 00:00:00+00:00, run_after=2026-04-05 00:00:00+00:00
[2026-04-04T08:06:59.174+0000] {processor.py:183} INFO - Processing /opt/airflow/dags/listing_Variant14_Rocket.py took 0.085 seconds
[2026-04-04T08:07:29.411+0000] {processor.py:161} INFO - Started process (PID=1362) to work on /opt/airflow/dags/listing_Variant14_Rocket.py
[2026-04-04T08:07:29.412+0000] {processor.py:830} INFO - Processing file /opt/airflow/dags/listing_Variant14_Rocket.py for tasks to queue
[2026-04-04T08:07:29.413+0000] {logging_mixin.py:188} INFO - [2026-04-04T08:07:29.412+0000] {dagbag.py:538} INFO - Filling up the DagBag from /opt/airflow/dags/listing_Variant14_Rocket.py
[2026-04-04T08:07:29.439+0000] {processor.py:840} INFO - DAG(s) 'download_rocket_launch_v14' retrieved from /opt/airflow/dags/listing_Variant14_Rocket.py
[2026-04-04T08:07:29.483+0000] {logging_mixin.py:188} INFO - [2026-04-04T08:07:29.483+0000] {dag.py:3036} INFO - Sync 1 DAGs
[2026-04-04T08:07:29.512+0000] {logging_mixin.py:188} INFO - [2026-04-04T08:07:29.512+0000] {dag.py:3823} INFO - Setting next_dagrun for download_rocket_launch_v14 to 2026-04-04 00:00:00+00:00, run_after=2026-04-05 00:00:00+00:00
[2026-04-04T08:07:29.528+0000] {processor.py:183} INFO - Processing /opt/airflow/dags/listing_Variant14_Rocket.py took 0.120 seconds
